"PERIOD","REPORTER","PARTNER","PRODUCT","FLOW","INDICATORS","Value","Flag and Footnotes"
"Feb. 2019","EU27_2020 (AT, BE, BG, CY, CZ, DE, DK, EE, ES, FI, FR, GR, HR,HU, IE, IT, LT, LU, LV, MT, NL, PL, PT, RO, SE, SI, SK)","EU27_2020_EXTRA","Face masks (excl. paper surgical masks - under B6)","IMPORT","VALUE_IN_EUROS","154,795,023",""
"Mar. 2019","EU27_2020 (AT, BE, BG, CY, CZ, DE, DK, EE, ES, FI, FR, GR, HR,HU, IE, IT, LT, LU, LV, MT, NL, PL, PT, RO, SE, SI, SK)","EU27_2020_EXTRA","Face masks (excl. paper surgical masks - under B6)","IMPORT","VALUE_IN_EUROS","142,689,104",""
"Apr. 2019","EU27_2020 (AT, BE, BG, CY, CZ, DE, DK, EE, ES, FI, FR, GR, HR,HU, IE, IT, LT, LU, LV, MT, NL, PL, PT, RO, SE, SI, SK)","EU27_2020_EXTRA","Face masks (excl. paper surgical masks - under B6)","IMPORT","VALUE_IN_EUROS","136,231,733",""
"May. 2019","EU27_2020 (AT, BE, BG, CY, CZ, DE, DK, EE, ES, FI, FR, GR, HR,HU, IE, IT, LT, LU, LV, MT, NL, PL, PT, RO, SE, SI, SK)","EU27_2020_EXTRA","Face masks (excl. paper surgical masks - under B6)","IMPORT","VALUE_IN_EUROS","160,324,893",""
"Jun. 2019","EU27_2020 (AT, BE, BG, CY, CZ, DE, DK, EE, ES, FI, FR, GR, HR,HU, IE, IT, LT, LU, LV, MT, NL, PL, PT, RO, SE, SI, SK)","EU27_2020_EXTRA","Face masks (excl. paper surgical masks - under B6)","IMPORT","VALUE_IN_EUROS","150,532,881",""
"Feb. 2020","EU27_2020 (AT, BE, BG, CY, CZ, DE, DK, EE, ES, FI, FR, GR, HR,HU, IE, IT, LT, LU, LV, MT, NL, PL, PT, RO, SE, SI, SK)","EU27_2020_EXTRA","Face masks (excl. paper surgical masks - under B6)","IMPORT","VALUE_IN_EUROS","157,830,922",""
"Mar. 2020","EU27_2020 (AT, BE, BG, CY, CZ, DE, DK, EE, ES, FI, FR, GR, HR,HU, IE, IT, LT, LU, LV, MT, NL, PL, PT, RO, SE, SI, SK)","EU27_2020_EXTRA","Face masks (excl. paper surgical masks - under B6)","IMPORT","VALUE_IN_EUROS","500,141,542",""
"Apr. 2020","EU27_2020 (AT, BE, BG, CY, CZ, DE, DK, EE, ES, FI, FR, GR, HR,HU, IE, IT, LT, LU, LV, MT, NL, PL, PT, RO, SE, SI, SK)","EU27_2020_EXTRA","Face masks (excl. paper surgical masks - under B6)","IMPORT","VALUE_IN_EUROS","4,402,199,690",""
"May. 2020","EU27_2020 (AT, BE, BG, CY, CZ, DE, DK, EE, ES, FI, FR, GR, HR,HU, IE, IT, LT, LU, LV, MT, NL, PL, PT, RO, SE, SI, SK)","EU27_2020_EXTRA","Face masks (excl. paper surgical masks - under B6)","IMPORT","VALUE_IN_EUROS","6,124,839,961",""
"Jun. 2020","EU27_2020 (AT, BE, BG, CY, CZ, DE, DK, EE, ES, FI, FR, GR, HR,HU, IE, IT, LT, LU, LV, MT, NL, PL, PT, RO, SE, SI, SK)","EU27_2020_EXTRA","Face masks (excl. paper surgical masks - under B6)","IMPORT","VALUE_IN_EUROS","3,458,636,246",""
"Feb. 2019","BELGIUM (and LUXBG -> 1998)","EU27_2020_EXTRA","Face masks (excl. paper surgical masks - under B6)","IMPORT","VALUE_IN_EUROS","6,877,936",""
"Mar. 2019","BELGIUM (and LUXBG -> 1998)","EU27_2020_EXTRA","Face masks (excl. paper surgical masks - under B6)","IMPORT","VALUE_IN_EUROS","5,732,397",""
"Apr. 2019","BELGIUM (and LUXBG -> 1998)","EU27_2020_EXTRA","Face masks (excl. paper surgical masks - under B6)","IMPORT","VALUE_IN_EUROS","7,004,858",""
"May. 2019","BELGIUM (and LUXBG -> 1998)","EU27_2020_EXTRA","Face masks (excl. paper surgical masks - under B6)","IMPORT","VALUE_IN_EUROS","7,861,959",""
"Jun. 2019","BELGIUM (and LUXBG -> 1998)","EU27_2020_EXTRA","Face masks (excl. paper surgical masks - under B6)","IMPORT","VALUE_IN_EUROS","8,607,646",""
"Feb. 2020","BELGIUM (and LUXBG -> 1998)","EU27_2020_EXTRA","Face masks (excl. paper surgical masks - under B6)","IMPORT","VALUE_IN_EUROS","6,295,376",""
"Mar. 2020","BELGIUM (and LUXBG -> 1998)","EU27_2020_EXTRA","Face masks (excl. paper surgical masks - under B6)","IMPORT","VALUE_IN_EUROS","31,034,873",""
"Apr. 2020","BELGIUM (and LUXBG -> 1998)","EU27_2020_EXTRA","Face masks (excl. paper surgical masks - under B6)","IMPORT","VALUE_IN_EUROS","138,287,615",""
"May. 2020","BELGIUM (and LUXBG -> 1998)","EU27_2020_EXTRA","Face masks (excl. paper surgical masks - under B6)","IMPORT","VALUE_IN_EUROS","270,252,788",""
"Jun. 2020","BELGIUM (and LUXBG -> 1998)","EU27_2020_EXTRA","Face masks (excl. paper surgical masks - under B6)","IMPORT","VALUE_IN_EUROS","168,249,660",""
"Feb. 2019","BULGARIA","EU27_2020_EXTRA","Face masks (excl. paper surgical masks - under B6)","IMPORT","VALUE_IN_EUROS","313,096",""
"Mar. 2019","BULGARIA","EU27_2020_EXTRA","Face masks (excl. paper surgical masks - under B6)","IMPORT","VALUE_IN_EUROS","365,862",""
"Apr. 2019","BULGARIA","EU27_2020_EXTRA","Face masks (excl. paper surgical masks - under B6)","IMPORT","VALUE_IN_EUROS","162,481",""
"May. 2019","BULGARIA","EU27_2020_EXTRA","Face masks (excl. paper surgical masks - under B6)","IMPORT","VALUE_IN_EUROS","366,542",""
"Jun. 2019","BULGARIA","EU27_2020_EXTRA","Face masks (excl. paper surgical masks - under B6)","IMPORT","VALUE_IN_EUROS","346,708",""
"Feb. 2020","BULGARIA","EU27_2020_EXTRA","Face masks (excl. paper surgical masks - under B6)","IMPORT","VALUE_IN_EUROS","656,010",""
"Mar. 2020","BULGARIA","EU27_2020_EXTRA","Face masks (excl. paper surgical masks - under B6)","IMPORT","VALUE_IN_EUROS","1,749,237",""
"Apr. 2020","BULGARIA","EU27_2020_EXTRA","Face masks (excl. paper surgical masks - under B6)","IMPORT","VALUE_IN_EUROS","7,360,796",""
"May. 2020","BULGARIA","EU27_2020_EXTRA","Face masks (excl. paper surgical masks - under B6)","IMPORT","VALUE_IN_EUROS","4,927,770",""
"Jun. 2020","BULGARIA","EU27_2020_EXTRA","Face masks (excl. paper surgical masks - under B6)","IMPORT","VALUE_IN_EUROS","4,366,847",""
"Feb. 2019","CZECHIA (CS->1992)","EU27_2020_EXTRA","Face masks (excl. paper surgical masks - under B6)","IMPORT","VALUE_IN_EUROS","2,154,528",""
"Mar. 2019","CZECHIA (CS->1992)","EU27_2020_EXTRA","Face masks (excl. paper surgical masks - under B6)","IMPORT","VALUE_IN_EUROS","2,678,960",""
"Apr. 2019","CZECHIA (CS->1992)","EU27_2020_EXTRA","Face masks (excl. paper surgical masks - under B6)","IMPORT","VALUE_IN_EUROS","1,872,148",""
"May. 2019","CZECHIA (CS->1992)","EU27_2020_EXTRA","Face masks (excl. paper surgical masks - under B6)","IMPORT","VALUE_IN_EUROS","1,938,289",""
"Jun. 2019","CZECHIA (CS->1992)","EU27_2020_EXTRA","Face masks (excl. paper surgical masks - under B6)","IMPORT","VALUE_IN_EUROS","2,471,482",""
"Feb. 2020","CZECHIA (CS->1992)","EU27_2020_EXTRA","Face masks (excl. paper surgical masks - under B6)","IMPORT","VALUE_IN_EUROS","2,206,661",""
"Mar. 2020","CZECHIA (CS->1992)","EU27_2020_EXTRA","Face masks (excl. paper surgical masks - under B6)","IMPORT","VALUE_IN_EUROS","20,980,336",""
"Apr. 2020","CZECHIA (CS->1992)","EU27_2020_EXTRA","Face masks (excl. paper surgical masks - under B6)","IMPORT","VALUE_IN_EUROS","144,494,078",""
"May. 2020","CZECHIA (CS->1992)","EU27_2020_EXTRA","Face masks (excl. paper surgical masks - under B6)","IMPORT","VALUE_IN_EUROS","104,426,798",""
"Jun. 2020","CZECHIA (CS->1992)","EU27_2020_EXTRA","Face masks (excl. paper surgical masks - under B6)","IMPORT","VALUE_IN_EUROS","15,804,886",""
"Feb. 2019","DENMARK","EU27_2020_EXTRA","Face masks (excl. paper surgical masks - under B6)","IMPORT","VALUE_IN_EUROS","2,820,948",""
"Mar. 2019","DENMARK","EU27_2020_EXTRA","Face masks (excl. paper surgical masks - under B6)","IMPORT","VALUE_IN_EUROS","2,067,374",""
"Apr. 2019","DENMARK","EU27_2020_EXTRA","Face masks (excl. paper surgical masks - under B6)","IMPORT","VALUE_IN_EUROS","2,609,351",""
"May. 2019","DENMARK","EU27_2020_EXTRA","Face masks (excl. paper surgical masks - under B6)","IMPORT","VALUE_IN_EUROS","2,598,325",""
"Jun. 2019","DENMARK","EU27_2020_EXTRA","Face masks (excl. paper surgical masks - under B6)","IMPORT","VALUE_IN_EUROS","2,991,522",""
"Feb. 2020","DENMARK","EU27_2020_EXTRA","Face masks (excl. paper surgical masks - under B6)","IMPORT","VALUE_IN_EUROS","2,891,366",""
"Mar. 2020","DENMARK","EU27_2020_EXTRA","Face masks (excl. paper surgical masks - under B6)","IMPORT","VALUE_IN_EUROS","3,454,926",""
"Apr. 2020","DENMARK","EU27_2020_EXTRA","Face masks (excl. paper surgical masks - under B6)","IMPORT","VALUE_IN_EUROS","21,957,755",""
"May. 2020","DENMARK","EU27_2020_EXTRA","Face masks (excl. paper surgical masks - under B6)","IMPORT","VALUE_IN_EUROS","25,411,378",""
"Jun. 2020","DENMARK","EU27_2020_EXTRA","Face masks (excl. paper surgical masks - under B6)","IMPORT","VALUE_IN_EUROS","14,844,126",""
"Feb. 2019","GERMANY (incl DD from 1991)","EU27_2020_EXTRA","Face masks (excl. paper surgical masks - under B6)","IMPORT","VALUE_IN_EUROS","52,366,068",""
"Mar. 2019","GERMANY (incl DD from 1991)","EU27_2020_EXTRA","Face masks (excl. paper surgical masks - under B6)","IMPORT","VALUE_IN_EUROS","49,048,835",""
"Apr. 2019","GERMANY (incl DD from 1991)","EU27_2020_EXTRA","Face masks (excl. paper surgical masks - under B6)","IMPORT","VALUE_IN_EUROS","45,630,187",""
"May. 2019","GERMANY (incl DD from 1991)","EU27_2020_EXTRA","Face masks (excl. paper surgical masks - under B6)","IMPORT","VALUE_IN_EUROS","50,856,289",""
"Jun. 2019","GERMANY (incl DD from 1991)","EU27_2020_EXTRA","Face masks (excl. paper surgical masks - under B6)","IMPORT","VALUE_IN_EUROS","47,231,842",""
"Feb. 2020","GERMANY (incl DD from 1991)","EU27_2020_EXTRA","Face masks (excl. paper surgical masks - under B6)","IMPORT","VALUE_IN_EUROS","48,141,876",""
"Mar. 2020","GERMANY (incl DD from 1991)","EU27_2020_EXTRA","Face masks (excl. paper surgical masks - under B6)","IMPORT","VALUE_IN_EUROS","117,720,140",""
"Apr. 2020","GERMANY (incl DD from 1991)","EU27_2020_EXTRA","Face masks (excl. paper surgical masks - under B6)","IMPORT","VALUE_IN_EUROS","1,376,116,141",""
"May. 2020","GERMANY (incl DD from 1991)","EU27_2020_EXTRA","Face masks (excl. paper surgical masks - under B6)","IMPORT","VALUE_IN_EUROS","2,076,896,490",""
"Jun. 2020","GERMANY (incl DD from 1991)","EU27_2020_EXTRA","Face masks (excl. paper surgical masks - under B6)","IMPORT","VALUE_IN_EUROS","781,334,255",""
"Feb. 2019","ESTONIA","EU27_2020_EXTRA","Face masks (excl. paper surgical masks - under B6)","IMPORT","VALUE_IN_EUROS","822,760",""
"Mar. 2019","ESTONIA","EU27_2020_EXTRA","Face masks (excl. paper surgical masks - under B6)","IMPORT","VALUE_IN_EUROS","674,079",""
"Apr. 2019","ESTONIA","EU27_2020_EXTRA","Face masks (excl. paper surgical masks - under B6)","IMPORT","VALUE_IN_EUROS","459,536",""
"May. 2019","ESTONIA","EU27_2020_EXTRA","Face masks (excl. paper surgical masks - under B6)","IMPORT","VALUE_IN_EUROS","814,167",""
"Jun. 2019","ESTONIA","EU27_2020_EXTRA","Face masks (excl. paper surgical masks - under B6)","IMPORT","VALUE_IN_EUROS","763,374",""
"Feb. 2020","ESTONIA","EU27_2020_EXTRA","Face masks (excl. paper surgical masks - under B6)","IMPORT","VALUE_IN_EUROS","842,365",""
"Mar. 2020","ESTONIA","EU27_2020_EXTRA","Face masks (excl. paper surgical masks - under B6)","IMPORT","VALUE_IN_EUROS","1,154,405",""
"Apr. 2020","ESTONIA","EU27_2020_EXTRA","Face masks (excl. paper surgical masks - under B6)","IMPORT","VALUE_IN_EUROS","7,758,798",""
"May. 2020","ESTONIA","EU27_2020_EXTRA","Face masks (excl. paper surgical masks - under B6)","IMPORT","VALUE_IN_EUROS","2,197,711",""
"Jun. 2020","ESTONIA","EU27_2020_EXTRA","Face masks (excl. paper surgical masks - under B6)","IMPORT","VALUE_IN_EUROS","1,541,503",""
"Feb. 2019","IRELAND","EU27_2020_EXTRA","Face masks (excl. paper surgical masks - under B6)","IMPORT","VALUE_IN_EUROS","993,608",""
"Mar. 2019","IRELAND","EU27_2020_EXTRA","Face masks (excl. paper surgical masks - under B6)","IMPORT","VALUE_IN_EUROS","1,290,771",""
"Apr. 2019","IRELAND","EU27_2020_EXTRA","Face masks (excl. paper surgical masks - under B6)","IMPORT","VALUE_IN_EUROS","1,199,321",""
"May. 2019","IRELAND","EU27_2020_EXTRA","Face masks (excl. paper surgical masks - under B6)","IMPORT","VALUE_IN_EUROS","1,413,218",""
"Jun. 2019","IRELAND","EU27_2020_EXTRA","Face masks (excl. paper surgical masks - under B6)","IMPORT","VALUE_IN_EUROS","1,273,451",""
"Feb. 2020","IRELAND","EU27_2020_EXTRA","Face masks (excl. paper surgical masks - under B6)","IMPORT","VALUE_IN_EUROS","1,153,817",""
"Mar. 2020","IRELAND","EU27_2020_EXTRA","Face masks (excl. paper surgical masks - under B6)","IMPORT","VALUE_IN_EUROS","4,459,575",""
"Apr. 2020","IRELAND","EU27_2020_EXTRA","Face masks (excl. paper surgical masks - under B6)","IMPORT","VALUE_IN_EUROS","18,593,011",""
"May. 2020","IRELAND","EU27_2020_EXTRA","Face masks (excl. paper surgical masks - under B6)","IMPORT","VALUE_IN_EUROS","68,489,082",""
"Jun. 2020","IRELAND","EU27_2020_EXTRA","Face masks (excl. paper surgical masks - under B6)","IMPORT","VALUE_IN_EUROS","44,014,398",""
"Feb. 2019","SPAIN","EU27_2020_EXTRA","Face masks (excl. paper surgical masks - under B6)","IMPORT","VALUE_IN_EUROS","9,975,029",""
"Mar. 2019","SPAIN","EU27_2020_EXTRA","Face masks (excl. paper surgical masks - under B6)","IMPORT","VALUE_IN_EUROS","8,003,176",""
"Apr. 2019","SPAIN","EU27_2020_EXTRA","Face masks (excl. paper surgical masks - under B6)","IMPORT","VALUE_IN_EUROS","7,638,116",""
"May. 2019","SPAIN","EU27_2020_EXTRA","Face masks (excl. paper surgical masks - under B6)","IMPORT","VALUE_IN_EUROS","10,985,770",""
"Jun. 2019","SPAIN","EU27_2020_EXTRA","Face masks (excl. paper surgical masks - under B6)","IMPORT","VALUE_IN_EUROS","8,923,797",""
"Feb. 2020","SPAIN","EU27_2020_EXTRA","Face masks (excl. paper surgical masks - under B6)","IMPORT","VALUE_IN_EUROS","12,371,619",""
"Mar. 2020","SPAIN","EU27_2020_EXTRA","Face masks (excl. paper surgical masks - under B6)","IMPORT","VALUE_IN_EUROS","39,547,958",""
"Apr. 2020","SPAIN","EU27_2020_EXTRA","Face masks (excl. paper surgical masks - under B6)","IMPORT","VALUE_IN_EUROS","390,286,608",""
"May. 2020","SPAIN","EU27_2020_EXTRA","Face masks (excl. paper surgical masks - under B6)","IMPORT","VALUE_IN_EUROS","496,272,394",""
"Jun. 2020","SPAIN","EU27_2020_EXTRA","Face masks (excl. paper surgical masks - under B6)","IMPORT","VALUE_IN_EUROS","209,931,858",""
"Feb. 2019","FRANCE","EU27_2020_EXTRA","Face masks (excl. paper surgical masks - under B6)","IMPORT","VALUE_IN_EUROS","19,610,995",""
"Mar. 2019","FRANCE","EU27_2020_EXTRA","Face masks (excl. paper surgical masks - under B6)","IMPORT","VALUE_IN_EUROS","19,253,533",""
"Apr. 2019","FRANCE","EU27_2020_EXTRA","Face masks (excl. paper surgical masks - under B6)","IMPORT","VALUE_IN_EUROS","21,741,122",""
"May. 2019","FRANCE","EU27_2020_EXTRA","Face masks (excl. paper surgical masks - under B6)","IMPORT","VALUE_IN_EUROS","24,224,342",""
"Jun. 2019","FRANCE","EU27_2020_EXTRA","Face masks (excl. paper surgical masks - under B6)","IMPORT","VALUE_IN_EUROS","22,150,732",""
"Feb. 2020","FRANCE","EU27_2020_EXTRA","Face masks (excl. paper surgical masks - under B6)","IMPORT","VALUE_IN_EUROS","25,122,946",""
"Mar. 2020","FRANCE","EU27_2020_EXTRA","Face masks (excl. paper surgical masks - under B6)","IMPORT","VALUE_IN_EUROS","45,977,452",""
"Apr. 2020","FRANCE","EU27_2020_EXTRA","Face masks (excl. paper surgical masks - under B6)","IMPORT","VALUE_IN_EUROS","681,981,267",""
"May. 2020","FRANCE","EU27_2020_EXTRA","Face masks (excl. paper surgical masks - under B6)","IMPORT","VALUE_IN_EUROS","1,630,916,638",""
"Jun. 2020","FRANCE","EU27_2020_EXTRA","Face masks (excl. paper surgical masks - under B6)","IMPORT","VALUE_IN_EUROS","1,058,253,114",""
"Feb. 2019","CROATIA","EU27_2020_EXTRA","Face masks (excl. paper surgical masks - under B6)","IMPORT","VALUE_IN_EUROS","296,310",""
"Mar. 2019","CROATIA","EU27_2020_EXTRA","Face masks (excl. paper surgical masks - under B6)","IMPORT","VALUE_IN_EUROS","162,396",""
"Apr. 2019","CROATIA","EU27_2020_EXTRA","Face masks (excl. paper surgical masks - under B6)","IMPORT","VALUE_IN_EUROS","155,372",""
"May. 2019","CROATIA","EU27_2020_EXTRA","Face masks (excl. paper surgical masks - under B6)","IMPORT","VALUE_IN_EUROS","283,324",""
"Jun. 2019","CROATIA","EU27_2020_EXTRA","Face masks (excl. paper surgical masks - under B6)","IMPORT","VALUE_IN_EUROS","260,588",""
"Feb. 2020","CROATIA","EU27_2020_EXTRA","Face masks (excl. paper surgical masks - under B6)","IMPORT","VALUE_IN_EUROS","321,322",""
"Mar. 2020","CROATIA","EU27_2020_EXTRA","Face masks (excl. paper surgical masks - under B6)","IMPORT","VALUE_IN_EUROS","379,894",""
"Apr. 2020","CROATIA","EU27_2020_EXTRA","Face masks (excl. paper surgical masks - under B6)","IMPORT","VALUE_IN_EUROS","9,677,398",""
"May. 2020","CROATIA","EU27_2020_EXTRA","Face masks (excl. paper surgical masks - under B6)","IMPORT","VALUE_IN_EUROS","15,603,078",""
"Jun. 2020","CROATIA","EU27_2020_EXTRA","Face masks (excl. paper surgical masks - under B6)","IMPORT","VALUE_IN_EUROS","1,063,182",""
"Feb. 2019","ITALY","EU27_2020_EXTRA","Face masks (excl. paper surgical masks - under B6)","IMPORT","VALUE_IN_EUROS","9,836,526",""
"Mar. 2019","ITALY","EU27_2020_EXTRA","Face masks (excl. paper surgical masks - under B6)","IMPORT","VALUE_IN_EUROS","9,496,838",""
"Apr. 2019","ITALY","EU27_2020_EXTRA","Face masks (excl. paper surgical masks - under B6)","IMPORT","VALUE_IN_EUROS","7,745,286",""
"May. 2019","ITALY","EU27_2020_EXTRA","Face masks (excl. paper surgical masks - under B6)","IMPORT","VALUE_IN_EUROS","10,257,302",""
"Jun. 2019","ITALY","EU27_2020_EXTRA","Face masks (excl. paper surgical masks - under B6)","IMPORT","VALUE_IN_EUROS","9,681,299",""
"Feb. 2020","ITALY","EU27_2020_EXTRA","Face masks (excl. paper surgical masks - under B6)","IMPORT","VALUE_IN_EUROS","9,804,369",""
"Mar. 2020","ITALY","EU27_2020_EXTRA","Face masks (excl. paper surgical masks - under B6)","IMPORT","VALUE_IN_EUROS","89,767,532",""
"Apr. 2020","ITALY","EU27_2020_EXTRA","Face masks (excl. paper surgical masks - under B6)","IMPORT","VALUE_IN_EUROS","452,418,736",""
"May. 2020","ITALY","EU27_2020_EXTRA","Face masks (excl. paper surgical masks - under B6)","IMPORT","VALUE_IN_EUROS","446,643,650",""
"Jun. 2020","ITALY","EU27_2020_EXTRA","Face masks (excl. paper surgical masks - under B6)","IMPORT","VALUE_IN_EUROS","745,202,507",""
"Feb. 2019","CYPRUS","EU27_2020_EXTRA","Face masks (excl. paper surgical masks - under B6)","IMPORT","VALUE_IN_EUROS","1,233",""
"Mar. 2019","CYPRUS","EU27_2020_EXTRA","Face masks (excl. paper surgical masks - under B6)","IMPORT","VALUE_IN_EUROS","7,546",""
"Apr. 2019","CYPRUS","EU27_2020_EXTRA","Face masks (excl. paper surgical masks - under B6)","IMPORT","VALUE_IN_EUROS","117",""
"May. 2019","CYPRUS","EU27_2020_EXTRA","Face masks (excl. paper surgical masks - under B6)","IMPORT","VALUE_IN_EUROS","1,521",""
"Jun. 2019","CYPRUS","EU27_2020_EXTRA","Face masks (excl. paper surgical masks - under B6)","IMPORT","VALUE_IN_EUROS","15,076",""
"Feb. 2020","CYPRUS","EU27_2020_EXTRA","Face masks (excl. paper surgical masks - under B6)","IMPORT","VALUE_IN_EUROS","13,258",""
"Mar. 2020","CYPRUS","EU27_2020_EXTRA","Face masks (excl. paper surgical masks - under B6)","IMPORT","VALUE_IN_EUROS","13,124",""
"Apr. 2020","CYPRUS","EU27_2020_EXTRA","Face masks (excl. paper surgical masks - under B6)","IMPORT","VALUE_IN_EUROS","13,137",""
"May. 2020","CYPRUS","EU27_2020_EXTRA","Face masks (excl. paper surgical masks - under B6)","IMPORT","VALUE_IN_EUROS","6,060,027",""
"Jun. 2020","CYPRUS","EU27_2020_EXTRA","Face masks (excl. paper surgical masks - under B6)","IMPORT","VALUE_IN_EUROS","1,060,207",""
"Feb. 2019","LATVIA","EU27_2020_EXTRA","Face masks (excl. paper surgical masks - under B6)","IMPORT","VALUE_IN_EUROS","88,301",""
"Mar. 2019","LATVIA","EU27_2020_EXTRA","Face masks (excl. paper surgical masks - under B6)","IMPORT","VALUE_IN_EUROS","141,782",""
"Apr. 2019","LATVIA","EU27_2020_EXTRA","Face masks (excl. paper surgical masks - under B6)","IMPORT","VALUE_IN_EUROS","155,605",""
"May. 2019","LATVIA","EU27_2020_EXTRA","Face masks (excl. paper surgical masks - under B6)","IMPORT","VALUE_IN_EUROS","152,707",""
"Jun. 2019","LATVIA","EU27_2020_EXTRA","Face masks (excl. paper surgical masks - under B6)","IMPORT","VALUE_IN_EUROS","153,028",""
"Feb. 2020","LATVIA","EU27_2020_EXTRA","Face masks (excl. paper surgical masks - under B6)","IMPORT","VALUE_IN_EUROS","172,778",""
"Mar. 2020","LATVIA","EU27_2020_EXTRA","Face masks (excl. paper surgical masks - under B6)","IMPORT","VALUE_IN_EUROS","796,811",""
"Apr. 2020","LATVIA","EU27_2020_EXTRA","Face masks (excl. paper surgical masks - under B6)","IMPORT","VALUE_IN_EUROS","10,169,401",""
"May. 2020","LATVIA","EU27_2020_EXTRA","Face masks (excl. paper surgical masks - under B6)","IMPORT","VALUE_IN_EUROS","8,661,798",""
"Jun. 2020","LATVIA","EU27_2020_EXTRA","Face masks (excl. paper surgical masks - under B6)","IMPORT","VALUE_IN_EUROS","8,435,025",""
"Feb. 2019","LITHUANIA","EU27_2020_EXTRA","Face masks (excl. paper surgical masks - under B6)","IMPORT","VALUE_IN_EUROS","1,099,336",""
"Mar. 2019","LITHUANIA","EU27_2020_EXTRA","Face masks (excl. paper surgical masks - under B6)","IMPORT","VALUE_IN_EUROS","818,632",""
"Apr. 2019","LITHUANIA","EU27_2020_EXTRA","Face masks (excl. paper surgical masks - under B6)","IMPORT","VALUE_IN_EUROS","715,528",""
"May. 2019","LITHUANIA","EU27_2020_EXTRA","Face masks (excl. paper surgical masks - under B6)","IMPORT","VALUE_IN_EUROS","868,878",""
"Jun. 2019","LITHUANIA","EU27_2020_EXTRA","Face masks (excl. paper surgical masks - under B6)","IMPORT","VALUE_IN_EUROS","734,779",""
"Feb. 2020","LITHUANIA","EU27_2020_EXTRA","Face masks (excl. paper surgical masks - under B6)","IMPORT","VALUE_IN_EUROS","914,695",""
"Mar. 2020","LITHUANIA","EU27_2020_EXTRA","Face masks (excl. paper surgical masks - under B6)","IMPORT","VALUE_IN_EUROS","3,821,122",""
"Apr. 2020","LITHUANIA","EU27_2020_EXTRA","Face masks (excl. paper surgical masks - under B6)","IMPORT","VALUE_IN_EUROS","43,970,143",""
"May. 2020","LITHUANIA","EU27_2020_EXTRA","Face masks (excl. paper surgical masks - under B6)","IMPORT","VALUE_IN_EUROS","21,155,040",""
"Jun. 2020","LITHUANIA","EU27_2020_EXTRA","Face masks (excl. paper surgical masks - under B6)","IMPORT","VALUE_IN_EUROS","7,408,452",""
"Feb. 2019","LUXEMBOURG","EU27_2020_EXTRA","Face masks (excl. paper surgical masks - under B6)","IMPORT","VALUE_IN_EUROS","45,113",""
"Mar. 2019","LUXEMBOURG","EU27_2020_EXTRA","Face masks (excl. paper surgical masks - under B6)","IMPORT","VALUE_IN_EUROS","82,290",""
"Apr. 2019","LUXEMBOURG","EU27_2020_EXTRA","Face masks (excl. paper surgical masks - under B6)","IMPORT","VALUE_IN_EUROS","50,375",""
"May. 2019","LUXEMBOURG","EU27_2020_EXTRA","Face masks (excl. paper surgical masks - under B6)","IMPORT","VALUE_IN_EUROS","40,727",""
"Jun. 2019","LUXEMBOURG","EU27_2020_EXTRA","Face masks (excl. paper surgical masks - under B6)","IMPORT","VALUE_IN_EUROS","56,566",""
"Feb. 2020","LUXEMBOURG","EU27_2020_EXTRA","Face masks (excl. paper surgical masks - under B6)","IMPORT","VALUE_IN_EUROS","14,929",""
"Mar. 2020","LUXEMBOURG","EU27_2020_EXTRA","Face masks (excl. paper surgical masks - under B6)","IMPORT","VALUE_IN_EUROS","6,969,603",""
"Apr. 2020","LUXEMBOURG","EU27_2020_EXTRA","Face masks (excl. paper surgical masks - under B6)","IMPORT","VALUE_IN_EUROS","41,064,989",""
"May. 2020","LUXEMBOURG","EU27_2020_EXTRA","Face masks (excl. paper surgical masks - under B6)","IMPORT","VALUE_IN_EUROS","26,656,977",""
"Jun. 2020","LUXEMBOURG","EU27_2020_EXTRA","Face masks (excl. paper surgical masks - under B6)","IMPORT","VALUE_IN_EUROS","1,141,293",""
"Feb. 2019","HUNGARY","EU27_2020_EXTRA","Face masks (excl. paper surgical masks - under B6)","IMPORT","VALUE_IN_EUROS","773,062",""
"Mar. 2019","HUNGARY","EU27_2020_EXTRA","Face masks (excl. paper surgical masks - under B6)","IMPORT","VALUE_IN_EUROS","966,219",""
"Apr. 2019","HUNGARY","EU27_2020_EXTRA","Face masks (excl. paper surgical masks - under B6)","IMPORT","VALUE_IN_EUROS","565,670",""
"May. 2019","HUNGARY","EU27_2020_EXTRA","Face masks (excl. paper surgical masks - under B6)","IMPORT","VALUE_IN_EUROS","997,279",""
"Jun. 2019","HUNGARY","EU27_2020_EXTRA","Face masks (excl. paper surgical masks - under B6)","IMPORT","VALUE_IN_EUROS","997,704",""
"Feb. 2020","HUNGARY","EU27_2020_EXTRA","Face masks (excl. paper surgical masks - under B6)","IMPORT","VALUE_IN_EUROS","1,051,690",""
"Mar. 2020","HUNGARY","EU27_2020_EXTRA","Face masks (excl. paper surgical masks - under B6)","IMPORT","VALUE_IN_EUROS","15,421,624",""
"Apr. 2020","HUNGARY","EU27_2020_EXTRA","Face masks (excl. paper surgical masks - under B6)","IMPORT","VALUE_IN_EUROS","119,982,640",""
"May. 2020","HUNGARY","EU27_2020_EXTRA","Face masks (excl. paper surgical masks - under B6)","IMPORT","VALUE_IN_EUROS","56,467,013",""
"Jun. 2020","HUNGARY","EU27_2020_EXTRA","Face masks (excl. paper surgical masks - under B6)","IMPORT","VALUE_IN_EUROS","31,856,095",""
"Feb. 2019","MALTA","EU27_2020_EXTRA","Face masks (excl. paper surgical masks - under B6)","IMPORT","VALUE_IN_EUROS","56,302",""
"Mar. 2019","MALTA","EU27_2020_EXTRA","Face masks (excl. paper surgical masks - under B6)","IMPORT","VALUE_IN_EUROS","48,750",""
"Apr. 2019","MALTA","EU27_2020_EXTRA","Face masks (excl. paper surgical masks - under B6)","IMPORT","VALUE_IN_EUROS","82,565",""
"May. 2019","MALTA","EU27_2020_EXTRA","Face masks (excl. paper surgical masks - under B6)","IMPORT","VALUE_IN_EUROS","70,667",""
"Jun. 2019","MALTA","EU27_2020_EXTRA","Face masks (excl. paper surgical masks - under B6)","IMPORT","VALUE_IN_EUROS","56,273",""
"Feb. 2020","MALTA","EU27_2020_EXTRA","Face masks (excl. paper surgical masks - under B6)","IMPORT","VALUE_IN_EUROS","85,352",""
"Mar. 2020","MALTA","EU27_2020_EXTRA","Face masks (excl. paper surgical masks - under B6)","IMPORT","VALUE_IN_EUROS","92,638",""
"Apr. 2020","MALTA","EU27_2020_EXTRA","Face masks (excl. paper surgical masks - under B6)","IMPORT","VALUE_IN_EUROS","2,141,823",""
"May. 2020","MALTA","EU27_2020_EXTRA","Face masks (excl. paper surgical masks - under B6)","IMPORT","VALUE_IN_EUROS","4,091,174",""
"Jun. 2020","MALTA","EU27_2020_EXTRA","Face masks (excl. paper surgical masks - under B6)","IMPORT","VALUE_IN_EUROS","2,963,488",""
"Feb. 2019","NETHERLANDS","EU27_2020_EXTRA","Face masks (excl. paper surgical masks - under B6)","IMPORT","VALUE_IN_EUROS","23,980,852",""
"Mar. 2019","NETHERLANDS","EU27_2020_EXTRA","Face masks (excl. paper surgical masks - under B6)","IMPORT","VALUE_IN_EUROS","18,826,006",""
"Apr. 2019","NETHERLANDS","EU27_2020_EXTRA","Face masks (excl. paper surgical masks - under B6)","IMPORT","VALUE_IN_EUROS","19,362,463",""
"May. 2019","NETHERLANDS","EU27_2020_EXTRA","Face masks (excl. paper surgical masks - under B6)","IMPORT","VALUE_IN_EUROS","23,383,743",""
"Jun. 2019","NETHERLANDS","EU27_2020_EXTRA","Face masks (excl. paper surgical masks - under B6)","IMPORT","VALUE_IN_EUROS","20,815,124",""
"Feb. 2020","NETHERLANDS","EU27_2020_EXTRA","Face masks (excl. paper surgical masks - under B6)","IMPORT","VALUE_IN_EUROS","21,694,121",""
"Mar. 2020","NETHERLANDS","EU27_2020_EXTRA","Face masks (excl. paper surgical masks - under B6)","IMPORT","VALUE_IN_EUROS","43,986,219",""
"Apr. 2020","NETHERLANDS","EU27_2020_EXTRA","Face masks (excl. paper surgical masks - under B6)","IMPORT","VALUE_IN_EUROS","252,600,021",""
"May. 2020","NETHERLANDS","EU27_2020_EXTRA","Face masks (excl. paper surgical masks - under B6)","IMPORT","VALUE_IN_EUROS","374,451,316",""
"Jun. 2020","NETHERLANDS","EU27_2020_EXTRA","Face masks (excl. paper surgical masks - under B6)","IMPORT","VALUE_IN_EUROS","135,132,341",""
"Feb. 2019","AUSTRIA","EU27_2020_EXTRA","Face masks (excl. paper surgical masks - under B6)","IMPORT","VALUE_IN_EUROS","3,392,968",""
"Mar. 2019","AUSTRIA","EU27_2020_EXTRA","Face masks (excl. paper surgical masks - under B6)","IMPORT","VALUE_IN_EUROS","2,955,976",""
"Apr. 2019","AUSTRIA","EU27_2020_EXTRA","Face masks (excl. paper surgical masks - under B6)","IMPORT","VALUE_IN_EUROS","2,288,875",""
"May. 2019","AUSTRIA","EU27_2020_EXTRA","Face masks (excl. paper surgical masks - under B6)","IMPORT","VALUE_IN_EUROS","3,205,062",""
"Jun. 2019","AUSTRIA","EU27_2020_EXTRA","Face masks (excl. paper surgical masks - under B6)","IMPORT","VALUE_IN_EUROS","4,360,935",""
"Feb. 2020","AUSTRIA","EU27_2020_EXTRA","Face masks (excl. paper surgical masks - under B6)","IMPORT","VALUE_IN_EUROS","2,134,765",""
"Mar. 2020","AUSTRIA","EU27_2020_EXTRA","Face masks (excl. paper surgical masks - under B6)","IMPORT","VALUE_IN_EUROS","13,161,393",""
"Apr. 2020","AUSTRIA","EU27_2020_EXTRA","Face masks (excl. paper surgical masks - under B6)","IMPORT","VALUE_IN_EUROS","162,592,854",""
"May. 2020","AUSTRIA","EU27_2020_EXTRA","Face masks (excl. paper surgical masks - under B6)","IMPORT","VALUE_IN_EUROS","118,053,119",""
"Jun. 2020","AUSTRIA","EU27_2020_EXTRA","Face masks (excl. paper surgical masks - under B6)","IMPORT","VALUE_IN_EUROS","34,881,322",""
"Feb. 2019","POLAND","EU27_2020_EXTRA","Face masks (excl. paper surgical masks - under B6)","IMPORT","VALUE_IN_EUROS","8,442,288",""
"Mar. 2019","POLAND","EU27_2020_EXTRA","Face masks (excl. paper surgical masks - under B6)","IMPORT","VALUE_IN_EUROS","7,174,555",""
"Apr. 2019","POLAND","EU27_2020_EXTRA","Face masks (excl. paper surgical masks - under B6)","IMPORT","VALUE_IN_EUROS","5,865,735",""
"May. 2019","POLAND","EU27_2020_EXTRA","Face masks (excl. paper surgical masks - under B6)","IMPORT","VALUE_IN_EUROS","6,564,316",""
"Jun. 2019","POLAND","EU27_2020_EXTRA","Face masks (excl. paper surgical masks - under B6)","IMPORT","VALUE_IN_EUROS","6,967,569",""
"Feb. 2020","POLAND","EU27_2020_EXTRA","Face masks (excl. paper surgical masks - under B6)","IMPORT","VALUE_IN_EUROS","8,817,110",""
"Mar. 2020","POLAND","EU27_2020_EXTRA","Face masks (excl. paper surgical masks - under B6)","IMPORT","VALUE_IN_EUROS","15,504,328",""
"Apr. 2020","POLAND","EU27_2020_EXTRA","Face masks (excl. paper surgical masks - under B6)","IMPORT","VALUE_IN_EUROS","127,683,356",""
"May. 2020","POLAND","EU27_2020_EXTRA","Face masks (excl. paper surgical masks - under B6)","IMPORT","VALUE_IN_EUROS","88,404,666",""
"Jun. 2020","POLAND","EU27_2020_EXTRA","Face masks (excl. paper surgical masks - under B6)","IMPORT","VALUE_IN_EUROS","49,097,216",""
"Feb. 2019","PORTUGAL","EU27_2020_EXTRA","Face masks (excl. paper surgical masks - under B6)","IMPORT","VALUE_IN_EUROS","622,331",""
"Mar. 2019","PORTUGAL","EU27_2020_EXTRA","Face masks (excl. paper surgical masks - under B6)","IMPORT","VALUE_IN_EUROS","709,743",""
"Apr. 2019","PORTUGAL","EU27_2020_EXTRA","Face masks (excl. paper surgical masks - under B6)","IMPORT","VALUE_IN_EUROS","352,418",""
"May. 2019","PORTUGAL","EU27_2020_EXTRA","Face masks (excl. paper surgical masks - under B6)","IMPORT","VALUE_IN_EUROS","861,419",""
"Jun. 2019","PORTUGAL","EU27_2020_EXTRA","Face masks (excl. paper surgical masks - under B6)","IMPORT","VALUE_IN_EUROS","732,559",""
"Feb. 2020","PORTUGAL","EU27_2020_EXTRA","Face masks (excl. paper surgical masks - under B6)","IMPORT","VALUE_IN_EUROS","1,499,265",""
"Mar. 2020","PORTUGAL","EU27_2020_EXTRA","Face masks (excl. paper surgical masks - under B6)","IMPORT","VALUE_IN_EUROS","7,260,039",""
"Apr. 2020","PORTUGAL","EU27_2020_EXTRA","Face masks (excl. paper surgical masks - under B6)","IMPORT","VALUE_IN_EUROS","58,035,978",""
"May. 2020","PORTUGAL","EU27_2020_EXTRA","Face masks (excl. paper surgical masks - under B6)","IMPORT","VALUE_IN_EUROS","93,143,842",""
"Jun. 2020","PORTUGAL","EU27_2020_EXTRA","Face masks (excl. paper surgical masks - under B6)","IMPORT","VALUE_IN_EUROS","36,921,764",""
"Feb. 2019","ROMANIA","EU27_2020_EXTRA","Face masks (excl. paper surgical masks - under B6)","IMPORT","VALUE_IN_EUROS","2,101,962",""
"Mar. 2019","ROMANIA","EU27_2020_EXTRA","Face masks (excl. paper surgical masks - under B6)","IMPORT","VALUE_IN_EUROS","2,124,875",""
"Apr. 2019","ROMANIA","EU27_2020_EXTRA","Face masks (excl. paper surgical masks - under B6)","IMPORT","VALUE_IN_EUROS","2,022,298",""
"May. 2019","ROMANIA","EU27_2020_EXTRA","Face masks (excl. paper surgical masks - under B6)","IMPORT","VALUE_IN_EUROS","2,383,350",""
"Jun. 2019","ROMANIA","EU27_2020_EXTRA","Face masks (excl. paper surgical masks - under B6)","IMPORT","VALUE_IN_EUROS","2,285,016",""
"Feb. 2020","ROMANIA","EU27_2020_EXTRA","Face masks (excl. paper surgical masks - under B6)","IMPORT","VALUE_IN_EUROS","3,059,773",""
"Mar. 2020","ROMANIA","EU27_2020_EXTRA","Face masks (excl. paper surgical masks - under B6)","IMPORT","VALUE_IN_EUROS","12,288,451",""
"Apr. 2020","ROMANIA","EU27_2020_EXTRA","Face masks (excl. paper surgical masks - under B6)","IMPORT","VALUE_IN_EUROS","162,751,446",""
"May. 2020","ROMANIA","EU27_2020_EXTRA","Face masks (excl. paper surgical masks - under B6)","IMPORT","VALUE_IN_EUROS","66,679,281",""
"Jun. 2020","ROMANIA","EU27_2020_EXTRA","Face masks (excl. paper surgical masks - under B6)","IMPORT","VALUE_IN_EUROS","25,461,194",""
"Feb. 2019","SLOVENIA","EU27_2020_EXTRA","Face masks (excl. paper surgical masks - under B6)","IMPORT","VALUE_IN_EUROS","287,437",""
"Mar. 2019","SLOVENIA","EU27_2020_EXTRA","Face masks (excl. paper surgical masks - under B6)","IMPORT","VALUE_IN_EUROS","286,905",""
"Apr. 2019","SLOVENIA","EU27_2020_EXTRA","Face masks (excl. paper surgical masks - under B6)","IMPORT","VALUE_IN_EUROS","349,651",""
"May. 2019","SLOVENIA","EU27_2020_EXTRA","Face masks (excl. paper surgical masks - under B6)","IMPORT","VALUE_IN_EUROS","655,022",""
"Jun. 2019","SLOVENIA","EU27_2020_EXTRA","Face masks (excl. paper surgical masks - under B6)","IMPORT","VALUE_IN_EUROS","410,234",""
"Feb. 2020","SLOVENIA","EU27_2020_EXTRA","Face masks (excl. paper surgical masks - under B6)","IMPORT","VALUE_IN_EUROS","232,983",""
"Mar. 2020","SLOVENIA","EU27_2020_EXTRA","Face masks (excl. paper surgical masks - under B6)","IMPORT","VALUE_IN_EUROS","3,319,073",""
"Apr. 2020","SLOVENIA","EU27_2020_EXTRA","Face masks (excl. paper surgical masks - under B6)","IMPORT","VALUE_IN_EUROS","51,220,732",""
"May. 2020","SLOVENIA","EU27_2020_EXTRA","Face masks (excl. paper surgical masks - under B6)","IMPORT","VALUE_IN_EUROS","22,725,908",""
"Jun. 2020","SLOVENIA","EU27_2020_EXTRA","Face masks (excl. paper surgical masks - under B6)","IMPORT","VALUE_IN_EUROS","11,813,351",""
"Feb. 2019","SLOVAKIA","EU27_2020_EXTRA","Face masks (excl. paper surgical masks - under B6)","IMPORT","VALUE_IN_EUROS","830,403",""
"Mar. 2019","SLOVAKIA","EU27_2020_EXTRA","Face masks (excl. paper surgical masks - under B6)","IMPORT","VALUE_IN_EUROS","1,048,071",""
"Apr. 2019","SLOVAKIA","EU27_2020_EXTRA","Face masks (excl. paper surgical masks - under B6)","IMPORT","VALUE_IN_EUROS","846,719",""
"May. 2019","SLOVAKIA","EU27_2020_EXTRA","Face masks (excl. paper surgical masks - under B6)","IMPORT","VALUE_IN_EUROS","1,057,528",""
"Jun. 2019","SLOVAKIA","EU27_2020_EXTRA","Face masks (excl. paper surgical masks - under B6)","IMPORT","VALUE_IN_EUROS","994,987",""
"Feb. 2020","SLOVAKIA","EU27_2020_EXTRA","Face masks (excl. paper surgical masks - under B6)","IMPORT","VALUE_IN_EUROS","1,167,076",""
"Mar. 2020","SLOVAKIA","EU27_2020_EXTRA","Face masks (excl. paper surgical masks - under B6)","IMPORT","VALUE_IN_EUROS","10,670,365",""
"Apr. 2020","SLOVAKIA","EU27_2020_EXTRA","Face masks (excl. paper surgical masks - under B6)","IMPORT","VALUE_IN_EUROS","50,882,337",""
"May. 2020","SLOVAKIA","EU27_2020_EXTRA","Face masks (excl. paper surgical masks - under B6)","IMPORT","VALUE_IN_EUROS","16,343,617",""
"Jun. 2020","SLOVAKIA","EU27_2020_EXTRA","Face masks (excl. paper surgical masks - under B6)","IMPORT","VALUE_IN_EUROS","4,487,313",""
"Feb. 2019","FINLAND","EU27_2020_EXTRA","Face masks (excl. paper surgical masks - under B6)","IMPORT","VALUE_IN_EUROS","1,010,543",""
"Mar. 2019","FINLAND","EU27_2020_EXTRA","Face masks (excl. paper surgical masks - under B6)","IMPORT","VALUE_IN_EUROS","1,069,391",""
"Apr. 2019","FINLAND","EU27_2020_EXTRA","Face masks (excl. paper surgical masks - under B6)","IMPORT","VALUE_IN_EUROS","1,042,441",""
"May. 2019","FINLAND","EU27_2020_EXTRA","Face masks (excl. paper surgical masks - under B6)","IMPORT","VALUE_IN_EUROS","1,151,496",""
"Jun. 2019","FINLAND","EU27_2020_EXTRA","Face masks (excl. paper surgical masks - under B6)","IMPORT","VALUE_IN_EUROS","840,556",""
"Feb. 2020","FINLAND","EU27_2020_EXTRA","Face masks (excl. paper surgical masks - under B6)","IMPORT","VALUE_IN_EUROS","1,033,303",""
"Mar. 2020","FINLAND","EU27_2020_EXTRA","Face masks (excl. paper surgical masks - under B6)","IMPORT","VALUE_IN_EUROS","1,887,795",""
"Apr. 2020","FINLAND","EU27_2020_EXTRA","Face masks (excl. paper surgical masks - under B6)","IMPORT","VALUE_IN_EUROS","25,418,522",""
"May. 2020","FINLAND","EU27_2020_EXTRA","Face masks (excl. paper surgical masks - under B6)","IMPORT","VALUE_IN_EUROS","37,619,001",""
"Jun. 2020","FINLAND","EU27_2020_EXTRA","Face masks (excl. paper surgical masks - under B6)","IMPORT","VALUE_IN_EUROS","28,635,296",""
"Feb. 2019","SWEDEN","EU27_2020_EXTRA","Face masks (excl. paper surgical masks - under B6)","IMPORT","VALUE_IN_EUROS","5,199,912",""
"Mar. 2019","SWEDEN","EU27_2020_EXTRA","Face masks (excl. paper surgical masks - under B6)","IMPORT","VALUE_IN_EUROS","7,143,331",""
"Apr. 2019","SWEDEN","EU27_2020_EXTRA","Face masks (excl. paper surgical masks - under B6)","IMPORT","VALUE_IN_EUROS","5,458,380",""
"May. 2019","SWEDEN","EU27_2020_EXTRA","Face masks (excl. paper surgical masks - under B6)","IMPORT","VALUE_IN_EUROS","6,539,099",""
"Jun. 2019","SWEDEN","EU27_2020_EXTRA","Face masks (excl. paper surgical masks - under B6)","IMPORT","VALUE_IN_EUROS","5,734,411",""
"Feb. 2020","SWEDEN","EU27_2020_EXTRA","Face masks (excl. paper surgical masks - under B6)","IMPORT","VALUE_IN_EUROS","5,266,056",""
"Mar. 2020","SWEDEN","EU27_2020_EXTRA","Face masks (excl. paper surgical masks - under B6)","IMPORT","VALUE_IN_EUROS","5,722,461",""
"Apr. 2020","SWEDEN","EU27_2020_EXTRA","Face masks (excl. paper surgical masks - under B6)","IMPORT","VALUE_IN_EUROS","21,401,290",""
"May. 2020","SWEDEN","EU27_2020_EXTRA","Face masks (excl. paper surgical masks - under B6)","IMPORT","VALUE_IN_EUROS","23,353,440",""
"Jun. 2020","SWEDEN","EU27_2020_EXTRA","Face masks (excl. paper surgical masks - under B6)","IMPORT","VALUE_IN_EUROS","19,233,956",""
"Feb. 2019","GREECE","EU27_2020_EXTRA","Face masks (excl. paper surgical masks - under B6)","IMPORT","VALUE_IN_EUROS","795,176",""
"Mar. 2019","GREECE","EU27_2020_EXTRA","Face masks (excl. paper surgical masks - under B6)","IMPORT","VALUE_IN_EUROS","510,811",""
"Apr. 2019","GREECE","EU27_2020_EXTRA","Face masks (excl. paper surgical masks - under B6)","IMPORT","VALUE_IN_EUROS","855,115",""
"May. 2019","GREECE","EU27_2020_EXTRA","Face masks (excl. paper surgical masks - under B6)","IMPORT","VALUE_IN_EUROS","792,552",""
"Jun. 2019","GREECE","EU27_2020_EXTRA","Face masks (excl. paper surgical masks - under B6)","IMPORT","VALUE_IN_EUROS","675,623",""
"Feb. 2020","GREECE","EU27_2020_EXTRA","Face masks (excl. paper surgical masks - under B6)","IMPORT","VALUE_IN_EUROS","866,041",""
"Mar. 2020","GREECE","EU27_2020_EXTRA","Face masks (excl. paper surgical masks - under B6)","IMPORT","VALUE_IN_EUROS","3,000,168",""
"Apr. 2020","GREECE","EU27_2020_EXTRA","Face masks (excl. paper surgical masks - under B6)","IMPORT","VALUE_IN_EUROS","23,338,818",""
"May. 2020","GREECE","EU27_2020_EXTRA","Face masks (excl. paper surgical masks - under B6)","IMPORT","VALUE_IN_EUROS","18,935,965",""
"Jun. 2020","GREECE","EU27_2020_EXTRA","Face masks (excl. paper surgical masks - under B6)","IMPORT","VALUE_IN_EUROS","15,501,597",""
