"PERIOD","REPORTER","PARTNER","PRODUCT","FLOW","INDICATORS","Value","Flag and Footnotes"
"Feb. 2019","EU27_2020 (AT, BE, BG, CY, CZ, DE, DK, EE, ES, FI, FR, GR, HR,HU, IE, IT, LT, LU, LV, MT, NL, PL, PT, RO, SE, SI, SK)","EU27_2020_EXTRA","Face masks (excl. paper surgical masks - under B6)","IMPORT","QUANTITY_IN_100KG","273,098",""
"Mar. 2019","EU27_2020 (AT, BE, BG, CY, CZ, DE, DK, EE, ES, FI, FR, GR, HR,HU, IE, IT, LT, LU, LV, MT, NL, PL, PT, RO, SE, SI, SK)","EU27_2020_EXTRA","Face masks (excl. paper surgical masks - under B6)","IMPORT","QUANTITY_IN_100KG","219,780",""
"Apr. 2019","EU27_2020 (AT, BE, BG, CY, CZ, DE, DK, EE, ES, FI, FR, GR, HR,HU, IE, IT, LT, LU, LV, MT, NL, PL, PT, RO, SE, SI, SK)","EU27_2020_EXTRA","Face masks (excl. paper surgical masks - under B6)","IMPORT","QUANTITY_IN_100KG","226,068",""
"May. 2019","EU27_2020 (AT, BE, BG, CY, CZ, DE, DK, EE, ES, FI, FR, GR, HR,HU, IE, IT, LT, LU, LV, MT, NL, PL, PT, RO, SE, SI, SK)","EU27_2020_EXTRA","Face masks (excl. paper surgical masks - under B6)","IMPORT","QUANTITY_IN_100KG","288,201",""
"Jun. 2019","EU27_2020 (AT, BE, BG, CY, CZ, DE, DK, EE, ES, FI, FR, GR, HR,HU, IE, IT, LT, LU, LV, MT, NL, PL, PT, RO, SE, SI, SK)","EU27_2020_EXTRA","Face masks (excl. paper surgical masks - under B6)","IMPORT","QUANTITY_IN_100KG","275,791",""
"Feb. 2020","EU27_2020 (AT, BE, BG, CY, CZ, DE, DK, EE, ES, FI, FR, GR, HR,HU, IE, IT, LT, LU, LV, MT, NL, PL, PT, RO, SE, SI, SK)","EU27_2020_EXTRA","Face masks (excl. paper surgical masks - under B6)","IMPORT","QUANTITY_IN_100KG","268,371",""
"Mar. 2020","EU27_2020 (AT, BE, BG, CY, CZ, DE, DK, EE, ES, FI, FR, GR, HR,HU, IE, IT, LT, LU, LV, MT, NL, PL, PT, RO, SE, SI, SK)","EU27_2020_EXTRA","Face masks (excl. paper surgical masks - under B6)","IMPORT","QUANTITY_IN_100KG","221,708",""
"Apr. 2020","EU27_2020 (AT, BE, BG, CY, CZ, DE, DK, EE, ES, FI, FR, GR, HR,HU, IE, IT, LT, LU, LV, MT, NL, PL, PT, RO, SE, SI, SK)","EU27_2020_EXTRA","Face masks (excl. paper surgical masks - under B6)","IMPORT","QUANTITY_IN_100KG","523,357",""
"May. 2020","EU27_2020 (AT, BE, BG, CY, CZ, DE, DK, EE, ES, FI, FR, GR, HR,HU, IE, IT, LT, LU, LV, MT, NL, PL, PT, RO, SE, SI, SK)","EU27_2020_EXTRA","Face masks (excl. paper surgical masks - under B6)","IMPORT","QUANTITY_IN_100KG","754,313",""
"Jun. 2020","EU27_2020 (AT, BE, BG, CY, CZ, DE, DK, EE, ES, FI, FR, GR, HR,HU, IE, IT, LT, LU, LV, MT, NL, PL, PT, RO, SE, SI, SK)","EU27_2020_EXTRA","Face masks (excl. paper surgical masks - under B6)","IMPORT","QUANTITY_IN_100KG","555,856",""
"Feb. 2019","BELGIUM (and LUXBG -> 1998)","EU27_2020_EXTRA","Face masks (excl. paper surgical masks - under B6)","IMPORT","QUANTITY_IN_100KG","13,081",""
"Mar. 2019","BELGIUM (and LUXBG -> 1998)","EU27_2020_EXTRA","Face masks (excl. paper surgical masks - under B6)","IMPORT","QUANTITY_IN_100KG","9,666",""
"Apr. 2019","BELGIUM (and LUXBG -> 1998)","EU27_2020_EXTRA","Face masks (excl. paper surgical masks - under B6)","IMPORT","QUANTITY_IN_100KG","12,694",""
"May. 2019","BELGIUM (and LUXBG -> 1998)","EU27_2020_EXTRA","Face masks (excl. paper surgical masks - under B6)","IMPORT","QUANTITY_IN_100KG","20,528",""
"Jun. 2019","BELGIUM (and LUXBG -> 1998)","EU27_2020_EXTRA","Face masks (excl. paper surgical masks - under B6)","IMPORT","QUANTITY_IN_100KG","27,712",""
"Feb. 2020","BELGIUM (and LUXBG -> 1998)","EU27_2020_EXTRA","Face masks (excl. paper surgical masks - under B6)","IMPORT","QUANTITY_IN_100KG","11,619",""
"Mar. 2020","BELGIUM (and LUXBG -> 1998)","EU27_2020_EXTRA","Face masks (excl. paper surgical masks - under B6)","IMPORT","QUANTITY_IN_100KG","12,836",""
"Apr. 2020","BELGIUM (and LUXBG -> 1998)","EU27_2020_EXTRA","Face masks (excl. paper surgical masks - under B6)","IMPORT","QUANTITY_IN_100KG","21,333",""
"May. 2020","BELGIUM (and LUXBG -> 1998)","EU27_2020_EXTRA","Face masks (excl. paper surgical masks - under B6)","IMPORT","QUANTITY_IN_100KG","39,971",""
"Jun. 2020","BELGIUM (and LUXBG -> 1998)","EU27_2020_EXTRA","Face masks (excl. paper surgical masks - under B6)","IMPORT","QUANTITY_IN_100KG","28,928",""
"Feb. 2019","BULGARIA","EU27_2020_EXTRA","Face masks (excl. paper surgical masks - under B6)","IMPORT","QUANTITY_IN_100KG","447",""
"Mar. 2019","BULGARIA","EU27_2020_EXTRA","Face masks (excl. paper surgical masks - under B6)","IMPORT","QUANTITY_IN_100KG","725",""
"Apr. 2019","BULGARIA","EU27_2020_EXTRA","Face masks (excl. paper surgical masks - under B6)","IMPORT","QUANTITY_IN_100KG","218",""
"May. 2019","BULGARIA","EU27_2020_EXTRA","Face masks (excl. paper surgical masks - under B6)","IMPORT","QUANTITY_IN_100KG","550",""
"Jun. 2019","BULGARIA","EU27_2020_EXTRA","Face masks (excl. paper surgical masks - under B6)","IMPORT","QUANTITY_IN_100KG","679",""
"Feb. 2020","BULGARIA","EU27_2020_EXTRA","Face masks (excl. paper surgical masks - under B6)","IMPORT","QUANTITY_IN_100KG","1,108",""
"Mar. 2020","BULGARIA","EU27_2020_EXTRA","Face masks (excl. paper surgical masks - under B6)","IMPORT","QUANTITY_IN_100KG","537",""
"Apr. 2020","BULGARIA","EU27_2020_EXTRA","Face masks (excl. paper surgical masks - under B6)","IMPORT","QUANTITY_IN_100KG","994",""
"May. 2020","BULGARIA","EU27_2020_EXTRA","Face masks (excl. paper surgical masks - under B6)","IMPORT","QUANTITY_IN_100KG","1,302",""
"Jun. 2020","BULGARIA","EU27_2020_EXTRA","Face masks (excl. paper surgical masks - under B6)","IMPORT","QUANTITY_IN_100KG","1,089",""
"Feb. 2019","CZECHIA (CS->1992)","EU27_2020_EXTRA","Face masks (excl. paper surgical masks - under B6)","IMPORT","QUANTITY_IN_100KG","3,829",""
"Mar. 2019","CZECHIA (CS->1992)","EU27_2020_EXTRA","Face masks (excl. paper surgical masks - under B6)","IMPORT","QUANTITY_IN_100KG","2,642",""
"Apr. 2019","CZECHIA (CS->1992)","EU27_2020_EXTRA","Face masks (excl. paper surgical masks - under B6)","IMPORT","QUANTITY_IN_100KG","2,575",""
"May. 2019","CZECHIA (CS->1992)","EU27_2020_EXTRA","Face masks (excl. paper surgical masks - under B6)","IMPORT","QUANTITY_IN_100KG","2,116",""
"Jun. 2019","CZECHIA (CS->1992)","EU27_2020_EXTRA","Face masks (excl. paper surgical masks - under B6)","IMPORT","QUANTITY_IN_100KG","3,008",""
"Feb. 2020","CZECHIA (CS->1992)","EU27_2020_EXTRA","Face masks (excl. paper surgical masks - under B6)","IMPORT","QUANTITY_IN_100KG","2,287",""
"Mar. 2020","CZECHIA (CS->1992)","EU27_2020_EXTRA","Face masks (excl. paper surgical masks - under B6)","IMPORT","QUANTITY_IN_100KG","4,746",""
"Apr. 2020","CZECHIA (CS->1992)","EU27_2020_EXTRA","Face masks (excl. paper surgical masks - under B6)","IMPORT","QUANTITY_IN_100KG","10,314",""
"May. 2020","CZECHIA (CS->1992)","EU27_2020_EXTRA","Face masks (excl. paper surgical masks - under B6)","IMPORT","QUANTITY_IN_100KG","10,351",""
"Jun. 2020","CZECHIA (CS->1992)","EU27_2020_EXTRA","Face masks (excl. paper surgical masks - under B6)","IMPORT","QUANTITY_IN_100KG","5,307",""
"Feb. 2019","DENMARK","EU27_2020_EXTRA","Face masks (excl. paper surgical masks - under B6)","IMPORT","QUANTITY_IN_100KG","3,411",""
"Mar. 2019","DENMARK","EU27_2020_EXTRA","Face masks (excl. paper surgical masks - under B6)","IMPORT","QUANTITY_IN_100KG","2,433",""
"Apr. 2019","DENMARK","EU27_2020_EXTRA","Face masks (excl. paper surgical masks - under B6)","IMPORT","QUANTITY_IN_100KG","3,820",""
"May. 2019","DENMARK","EU27_2020_EXTRA","Face masks (excl. paper surgical masks - under B6)","IMPORT","QUANTITY_IN_100KG","3,456",""
"Jun. 2019","DENMARK","EU27_2020_EXTRA","Face masks (excl. paper surgical masks - under B6)","IMPORT","QUANTITY_IN_100KG","3,812",""
"Feb. 2020","DENMARK","EU27_2020_EXTRA","Face masks (excl. paper surgical masks - under B6)","IMPORT","QUANTITY_IN_100KG","3,451",""
"Mar. 2020","DENMARK","EU27_2020_EXTRA","Face masks (excl. paper surgical masks - under B6)","IMPORT","QUANTITY_IN_100KG","2,874",""
"Apr. 2020","DENMARK","EU27_2020_EXTRA","Face masks (excl. paper surgical masks - under B6)","IMPORT","QUANTITY_IN_100KG","4,284",""
"May. 2020","DENMARK","EU27_2020_EXTRA","Face masks (excl. paper surgical masks - under B6)","IMPORT","QUANTITY_IN_100KG","5,362",""
"Jun. 2020","DENMARK","EU27_2020_EXTRA","Face masks (excl. paper surgical masks - under B6)","IMPORT","QUANTITY_IN_100KG","5,503",""
"Feb. 2019","GERMANY (incl DD from 1991)","EU27_2020_EXTRA","Face masks (excl. paper surgical masks - under B6)","IMPORT","QUANTITY_IN_100KG","86,087",""
"Mar. 2019","GERMANY (incl DD from 1991)","EU27_2020_EXTRA","Face masks (excl. paper surgical masks - under B6)","IMPORT","QUANTITY_IN_100KG","67,648",""
"Apr. 2019","GERMANY (incl DD from 1991)","EU27_2020_EXTRA","Face masks (excl. paper surgical masks - under B6)","IMPORT","QUANTITY_IN_100KG","72,616",""
"May. 2019","GERMANY (incl DD from 1991)","EU27_2020_EXTRA","Face masks (excl. paper surgical masks - under B6)","IMPORT","QUANTITY_IN_100KG","85,234",""
"Jun. 2019","GERMANY (incl DD from 1991)","EU27_2020_EXTRA","Face masks (excl. paper surgical masks - under B6)","IMPORT","QUANTITY_IN_100KG","83,366",""
"Feb. 2020","GERMANY (incl DD from 1991)","EU27_2020_EXTRA","Face masks (excl. paper surgical masks - under B6)","IMPORT","QUANTITY_IN_100KG","79,739",""
"Mar. 2020","GERMANY (incl DD from 1991)","EU27_2020_EXTRA","Face masks (excl. paper surgical masks - under B6)","IMPORT","QUANTITY_IN_100KG","69,823",""
"Apr. 2020","GERMANY (incl DD from 1991)","EU27_2020_EXTRA","Face masks (excl. paper surgical masks - under B6)","IMPORT","QUANTITY_IN_100KG","164,541",""
"May. 2020","GERMANY (incl DD from 1991)","EU27_2020_EXTRA","Face masks (excl. paper surgical masks - under B6)","IMPORT","QUANTITY_IN_100KG","233,306",""
"Jun. 2020","GERMANY (incl DD from 1991)","EU27_2020_EXTRA","Face masks (excl. paper surgical masks - under B6)","IMPORT","QUANTITY_IN_100KG","135,967",""
"Feb. 2019","ESTONIA","EU27_2020_EXTRA","Face masks (excl. paper surgical masks - under B6)","IMPORT","QUANTITY_IN_100KG","1,323",""
"Mar. 2019","ESTONIA","EU27_2020_EXTRA","Face masks (excl. paper surgical masks - under B6)","IMPORT","QUANTITY_IN_100KG","792",""
"Apr. 2019","ESTONIA","EU27_2020_EXTRA","Face masks (excl. paper surgical masks - under B6)","IMPORT","QUANTITY_IN_100KG","554",""
"May. 2019","ESTONIA","EU27_2020_EXTRA","Face masks (excl. paper surgical masks - under B6)","IMPORT","QUANTITY_IN_100KG","971",""
"Jun. 2019","ESTONIA","EU27_2020_EXTRA","Face masks (excl. paper surgical masks - under B6)","IMPORT","QUANTITY_IN_100KG","1,086",""
"Feb. 2020","ESTONIA","EU27_2020_EXTRA","Face masks (excl. paper surgical masks - under B6)","IMPORT","QUANTITY_IN_100KG","1,376",""
"Mar. 2020","ESTONIA","EU27_2020_EXTRA","Face masks (excl. paper surgical masks - under B6)","IMPORT","QUANTITY_IN_100KG","1,183",""
"Apr. 2020","ESTONIA","EU27_2020_EXTRA","Face masks (excl. paper surgical masks - under B6)","IMPORT","QUANTITY_IN_100KG","942",""
"May. 2020","ESTONIA","EU27_2020_EXTRA","Face masks (excl. paper surgical masks - under B6)","IMPORT","QUANTITY_IN_100KG","1,924",""
"Jun. 2020","ESTONIA","EU27_2020_EXTRA","Face masks (excl. paper surgical masks - under B6)","IMPORT","QUANTITY_IN_100KG","1,388",""
"Feb. 2019","IRELAND","EU27_2020_EXTRA","Face masks (excl. paper surgical masks - under B6)","IMPORT","QUANTITY_IN_100KG","1,493",""
"Mar. 2019","IRELAND","EU27_2020_EXTRA","Face masks (excl. paper surgical masks - under B6)","IMPORT","QUANTITY_IN_100KG","1,529",""
"Apr. 2019","IRELAND","EU27_2020_EXTRA","Face masks (excl. paper surgical masks - under B6)","IMPORT","QUANTITY_IN_100KG","1,911",""
"May. 2019","IRELAND","EU27_2020_EXTRA","Face masks (excl. paper surgical masks - under B6)","IMPORT","QUANTITY_IN_100KG","1,850",""
"Jun. 2019","IRELAND","EU27_2020_EXTRA","Face masks (excl. paper surgical masks - under B6)","IMPORT","QUANTITY_IN_100KG","1,927",""
"Feb. 2020","IRELAND","EU27_2020_EXTRA","Face masks (excl. paper surgical masks - under B6)","IMPORT","QUANTITY_IN_100KG","1,530",""
"Mar. 2020","IRELAND","EU27_2020_EXTRA","Face masks (excl. paper surgical masks - under B6)","IMPORT","QUANTITY_IN_100KG","2,476",""
"Apr. 2020","IRELAND","EU27_2020_EXTRA","Face masks (excl. paper surgical masks - under B6)","IMPORT","QUANTITY_IN_100KG","3,084",""
"May. 2020","IRELAND","EU27_2020_EXTRA","Face masks (excl. paper surgical masks - under B6)","IMPORT","QUANTITY_IN_100KG","7,533",""
"Jun. 2020","IRELAND","EU27_2020_EXTRA","Face masks (excl. paper surgical masks - under B6)","IMPORT","QUANTITY_IN_100KG","6,720",""
"Feb. 2019","SPAIN","EU27_2020_EXTRA","Face masks (excl. paper surgical masks - under B6)","IMPORT","QUANTITY_IN_100KG","19,331",""
"Mar. 2019","SPAIN","EU27_2020_EXTRA","Face masks (excl. paper surgical masks - under B6)","IMPORT","QUANTITY_IN_100KG","12,854",""
"Apr. 2019","SPAIN","EU27_2020_EXTRA","Face masks (excl. paper surgical masks - under B6)","IMPORT","QUANTITY_IN_100KG","12,486",""
"May. 2019","SPAIN","EU27_2020_EXTRA","Face masks (excl. paper surgical masks - under B6)","IMPORT","QUANTITY_IN_100KG","20,533",""
"Jun. 2019","SPAIN","EU27_2020_EXTRA","Face masks (excl. paper surgical masks - under B6)","IMPORT","QUANTITY_IN_100KG","18,315",""
"Feb. 2020","SPAIN","EU27_2020_EXTRA","Face masks (excl. paper surgical masks - under B6)","IMPORT","QUANTITY_IN_100KG","20,811",""
"Mar. 2020","SPAIN","EU27_2020_EXTRA","Face masks (excl. paper surgical masks - under B6)","IMPORT","QUANTITY_IN_100KG","13,268",""
"Apr. 2020","SPAIN","EU27_2020_EXTRA","Face masks (excl. paper surgical masks - under B6)","IMPORT","QUANTITY_IN_100KG","38,726",""
"May. 2020","SPAIN","EU27_2020_EXTRA","Face masks (excl. paper surgical masks - under B6)","IMPORT","QUANTITY_IN_100KG","56,857",""
"Jun. 2020","SPAIN","EU27_2020_EXTRA","Face masks (excl. paper surgical masks - under B6)","IMPORT","QUANTITY_IN_100KG","40,401",""
"Feb. 2019","FRANCE","EU27_2020_EXTRA","Face masks (excl. paper surgical masks - under B6)","IMPORT","QUANTITY_IN_100KG","31,017",""
"Mar. 2019","FRANCE","EU27_2020_EXTRA","Face masks (excl. paper surgical masks - under B6)","IMPORT","QUANTITY_IN_100KG","26,929",""
"Apr. 2019","FRANCE","EU27_2020_EXTRA","Face masks (excl. paper surgical masks - under B6)","IMPORT","QUANTITY_IN_100KG","29,922",""
"May. 2019","FRANCE","EU27_2020_EXTRA","Face masks (excl. paper surgical masks - under B6)","IMPORT","QUANTITY_IN_100KG","38,715",""
"Jun. 2019","FRANCE","EU27_2020_EXTRA","Face masks (excl. paper surgical masks - under B6)","IMPORT","QUANTITY_IN_100KG","33,061",""
"Feb. 2020","FRANCE","EU27_2020_EXTRA","Face masks (excl. paper surgical masks - under B6)","IMPORT","QUANTITY_IN_100KG","40,582",""
"Mar. 2020","FRANCE","EU27_2020_EXTRA","Face masks (excl. paper surgical masks - under B6)","IMPORT","QUANTITY_IN_100KG","25,460",""
"Apr. 2020","FRANCE","EU27_2020_EXTRA","Face masks (excl. paper surgical masks - under B6)","IMPORT","QUANTITY_IN_100KG","67,818",""
"May. 2020","FRANCE","EU27_2020_EXTRA","Face masks (excl. paper surgical masks - under B6)","IMPORT","QUANTITY_IN_100KG","172,876",""
"Jun. 2020","FRANCE","EU27_2020_EXTRA","Face masks (excl. paper surgical masks - under B6)","IMPORT","QUANTITY_IN_100KG","135,691",""
"Feb. 2019","CROATIA","EU27_2020_EXTRA","Face masks (excl. paper surgical masks - under B6)","IMPORT","QUANTITY_IN_100KG","459",""
"Mar. 2019","CROATIA","EU27_2020_EXTRA","Face masks (excl. paper surgical masks - under B6)","IMPORT","QUANTITY_IN_100KG","263",""
"Apr. 2019","CROATIA","EU27_2020_EXTRA","Face masks (excl. paper surgical masks - under B6)","IMPORT","QUANTITY_IN_100KG","178",""
"May. 2019","CROATIA","EU27_2020_EXTRA","Face masks (excl. paper surgical masks - under B6)","IMPORT","QUANTITY_IN_100KG","468",""
"Jun. 2019","CROATIA","EU27_2020_EXTRA","Face masks (excl. paper surgical masks - under B6)","IMPORT","QUANTITY_IN_100KG","562",""
"Feb. 2020","CROATIA","EU27_2020_EXTRA","Face masks (excl. paper surgical masks - under B6)","IMPORT","QUANTITY_IN_100KG","443",""
"Mar. 2020","CROATIA","EU27_2020_EXTRA","Face masks (excl. paper surgical masks - under B6)","IMPORT","QUANTITY_IN_100KG","212",""
"Apr. 2020","CROATIA","EU27_2020_EXTRA","Face masks (excl. paper surgical masks - under B6)","IMPORT","QUANTITY_IN_100KG","1,191",""
"May. 2020","CROATIA","EU27_2020_EXTRA","Face masks (excl. paper surgical masks - under B6)","IMPORT","QUANTITY_IN_100KG","2,183",""
"Jun. 2020","CROATIA","EU27_2020_EXTRA","Face masks (excl. paper surgical masks - under B6)","IMPORT","QUANTITY_IN_100KG","413",""
"Feb. 2019","ITALY","EU27_2020_EXTRA","Face masks (excl. paper surgical masks - under B6)","IMPORT","QUANTITY_IN_100KG","18,311",""
"Mar. 2019","ITALY","EU27_2020_EXTRA","Face masks (excl. paper surgical masks - under B6)","IMPORT","QUANTITY_IN_100KG","15,529",""
"Apr. 2019","ITALY","EU27_2020_EXTRA","Face masks (excl. paper surgical masks - under B6)","IMPORT","QUANTITY_IN_100KG","13,772",""
"May. 2019","ITALY","EU27_2020_EXTRA","Face masks (excl. paper surgical masks - under B6)","IMPORT","QUANTITY_IN_100KG","19,117",""
"Jun. 2019","ITALY","EU27_2020_EXTRA","Face masks (excl. paper surgical masks - under B6)","IMPORT","QUANTITY_IN_100KG","17,737",""
"Feb. 2020","ITALY","EU27_2020_EXTRA","Face masks (excl. paper surgical masks - under B6)","IMPORT","QUANTITY_IN_100KG","19,197",""
"Mar. 2020","ITALY","EU27_2020_EXTRA","Face masks (excl. paper surgical masks - under B6)","IMPORT","QUANTITY_IN_100KG","13,441",""
"Apr. 2020","ITALY","EU27_2020_EXTRA","Face masks (excl. paper surgical masks - under B6)","IMPORT","QUANTITY_IN_100KG","37,774",""
"May. 2020","ITALY","EU27_2020_EXTRA","Face masks (excl. paper surgical masks - under B6)","IMPORT","QUANTITY_IN_100KG","41,089",""
"Jun. 2020","ITALY","EU27_2020_EXTRA","Face masks (excl. paper surgical masks - under B6)","IMPORT","QUANTITY_IN_100KG","56,200",""
"Feb. 2019","CYPRUS","EU27_2020_EXTRA","Face masks (excl. paper surgical masks - under B6)","IMPORT","QUANTITY_IN_100KG","1",""
"Mar. 2019","CYPRUS","EU27_2020_EXTRA","Face masks (excl. paper surgical masks - under B6)","IMPORT","QUANTITY_IN_100KG","6",""
"Apr. 2019","CYPRUS","EU27_2020_EXTRA","Face masks (excl. paper surgical masks - under B6)","IMPORT","QUANTITY_IN_100KG","0",""
"May. 2019","CYPRUS","EU27_2020_EXTRA","Face masks (excl. paper surgical masks - under B6)","IMPORT","QUANTITY_IN_100KG","3",""
"Jun. 2019","CYPRUS","EU27_2020_EXTRA","Face masks (excl. paper surgical masks - under B6)","IMPORT","QUANTITY_IN_100KG","9",""
"Feb. 2020","CYPRUS","EU27_2020_EXTRA","Face masks (excl. paper surgical masks - under B6)","IMPORT","QUANTITY_IN_100KG","15",""
"Mar. 2020","CYPRUS","EU27_2020_EXTRA","Face masks (excl. paper surgical masks - under B6)","IMPORT","QUANTITY_IN_100KG","22",""
"Apr. 2020","CYPRUS","EU27_2020_EXTRA","Face masks (excl. paper surgical masks - under B6)","IMPORT","QUANTITY_IN_100KG","6",""
"May. 2020","CYPRUS","EU27_2020_EXTRA","Face masks (excl. paper surgical masks - under B6)","IMPORT","QUANTITY_IN_100KG","821",""
"Jun. 2020","CYPRUS","EU27_2020_EXTRA","Face masks (excl. paper surgical masks - under B6)","IMPORT","QUANTITY_IN_100KG","165",""
"Feb. 2019","LATVIA","EU27_2020_EXTRA","Face masks (excl. paper surgical masks - under B6)","IMPORT","QUANTITY_IN_100KG","176",""
"Mar. 2019","LATVIA","EU27_2020_EXTRA","Face masks (excl. paper surgical masks - under B6)","IMPORT","QUANTITY_IN_100KG","194",""
"Apr. 2019","LATVIA","EU27_2020_EXTRA","Face masks (excl. paper surgical masks - under B6)","IMPORT","QUANTITY_IN_100KG","413",""
"May. 2019","LATVIA","EU27_2020_EXTRA","Face masks (excl. paper surgical masks - under B6)","IMPORT","QUANTITY_IN_100KG","242",""
"Jun. 2019","LATVIA","EU27_2020_EXTRA","Face masks (excl. paper surgical masks - under B6)","IMPORT","QUANTITY_IN_100KG","358",""
"Feb. 2020","LATVIA","EU27_2020_EXTRA","Face masks (excl. paper surgical masks - under B6)","IMPORT","QUANTITY_IN_100KG","494",""
"Mar. 2020","LATVIA","EU27_2020_EXTRA","Face masks (excl. paper surgical masks - under B6)","IMPORT","QUANTITY_IN_100KG","511",""
"Apr. 2020","LATVIA","EU27_2020_EXTRA","Face masks (excl. paper surgical masks - under B6)","IMPORT","QUANTITY_IN_100KG","746",""
"May. 2020","LATVIA","EU27_2020_EXTRA","Face masks (excl. paper surgical masks - under B6)","IMPORT","QUANTITY_IN_100KG","1,411",""
"Jun. 2020","LATVIA","EU27_2020_EXTRA","Face masks (excl. paper surgical masks - under B6)","IMPORT","QUANTITY_IN_100KG","1,101",""
"Feb. 2019","LITHUANIA","EU27_2020_EXTRA","Face masks (excl. paper surgical masks - under B6)","IMPORT","QUANTITY_IN_100KG","2,094",""
"Mar. 2019","LITHUANIA","EU27_2020_EXTRA","Face masks (excl. paper surgical masks - under B6)","IMPORT","QUANTITY_IN_100KG","1,417",""
"Apr. 2019","LITHUANIA","EU27_2020_EXTRA","Face masks (excl. paper surgical masks - under B6)","IMPORT","QUANTITY_IN_100KG","818",""
"May. 2019","LITHUANIA","EU27_2020_EXTRA","Face masks (excl. paper surgical masks - under B6)","IMPORT","QUANTITY_IN_100KG","1,701",""
"Jun. 2019","LITHUANIA","EU27_2020_EXTRA","Face masks (excl. paper surgical masks - under B6)","IMPORT","QUANTITY_IN_100KG","1,732",""
"Feb. 2020","LITHUANIA","EU27_2020_EXTRA","Face masks (excl. paper surgical masks - under B6)","IMPORT","QUANTITY_IN_100KG","1,636",""
"Mar. 2020","LITHUANIA","EU27_2020_EXTRA","Face masks (excl. paper surgical masks - under B6)","IMPORT","QUANTITY_IN_100KG","1,836",""
"Apr. 2020","LITHUANIA","EU27_2020_EXTRA","Face masks (excl. paper surgical masks - under B6)","IMPORT","QUANTITY_IN_100KG","4,872",""
"May. 2020","LITHUANIA","EU27_2020_EXTRA","Face masks (excl. paper surgical masks - under B6)","IMPORT","QUANTITY_IN_100KG","3,296",""
"Jun. 2020","LITHUANIA","EU27_2020_EXTRA","Face masks (excl. paper surgical masks - under B6)","IMPORT","QUANTITY_IN_100KG","1,770",""
"Feb. 2019","LUXEMBOURG","EU27_2020_EXTRA","Face masks (excl. paper surgical masks - under B6)","IMPORT","QUANTITY_IN_100KG","144",""
"Mar. 2019","LUXEMBOURG","EU27_2020_EXTRA","Face masks (excl. paper surgical masks - under B6)","IMPORT","QUANTITY_IN_100KG","281",""
"Apr. 2019","LUXEMBOURG","EU27_2020_EXTRA","Face masks (excl. paper surgical masks - under B6)","IMPORT","QUANTITY_IN_100KG","109",""
"May. 2019","LUXEMBOURG","EU27_2020_EXTRA","Face masks (excl. paper surgical masks - under B6)","IMPORT","QUANTITY_IN_100KG","105",""
"Jun. 2019","LUXEMBOURG","EU27_2020_EXTRA","Face masks (excl. paper surgical masks - under B6)","IMPORT","QUANTITY_IN_100KG","156",""
"Feb. 2020","LUXEMBOURG","EU27_2020_EXTRA","Face masks (excl. paper surgical masks - under B6)","IMPORT","QUANTITY_IN_100KG","7",""
"Mar. 2020","LUXEMBOURG","EU27_2020_EXTRA","Face masks (excl. paper surgical masks - under B6)","IMPORT","QUANTITY_IN_100KG","1,285",""
"Apr. 2020","LUXEMBOURG","EU27_2020_EXTRA","Face masks (excl. paper surgical masks - under B6)","IMPORT","QUANTITY_IN_100KG","5,690",""
"May. 2020","LUXEMBOURG","EU27_2020_EXTRA","Face masks (excl. paper surgical masks - under B6)","IMPORT","QUANTITY_IN_100KG","3,223",""
"Jun. 2020","LUXEMBOURG","EU27_2020_EXTRA","Face masks (excl. paper surgical masks - under B6)","IMPORT","QUANTITY_IN_100KG","283",""
"Feb. 2019","HUNGARY","EU27_2020_EXTRA","Face masks (excl. paper surgical masks - under B6)","IMPORT","QUANTITY_IN_100KG","741",""
"Mar. 2019","HUNGARY","EU27_2020_EXTRA","Face masks (excl. paper surgical masks - under B6)","IMPORT","QUANTITY_IN_100KG","1,441",""
"Apr. 2019","HUNGARY","EU27_2020_EXTRA","Face masks (excl. paper surgical masks - under B6)","IMPORT","QUANTITY_IN_100KG","762",""
"May. 2019","HUNGARY","EU27_2020_EXTRA","Face masks (excl. paper surgical masks - under B6)","IMPORT","QUANTITY_IN_100KG","1,343",""
"Jun. 2019","HUNGARY","EU27_2020_EXTRA","Face masks (excl. paper surgical masks - under B6)","IMPORT","QUANTITY_IN_100KG","1,208",""
"Feb. 2020","HUNGARY","EU27_2020_EXTRA","Face masks (excl. paper surgical masks - under B6)","IMPORT","QUANTITY_IN_100KG","1,309",""
"Mar. 2020","HUNGARY","EU27_2020_EXTRA","Face masks (excl. paper surgical masks - under B6)","IMPORT","QUANTITY_IN_100KG","2,781",""
"Apr. 2020","HUNGARY","EU27_2020_EXTRA","Face masks (excl. paper surgical masks - under B6)","IMPORT","QUANTITY_IN_100KG","14,249",""
"May. 2020","HUNGARY","EU27_2020_EXTRA","Face masks (excl. paper surgical masks - under B6)","IMPORT","QUANTITY_IN_100KG","9,616",""
"Jun. 2020","HUNGARY","EU27_2020_EXTRA","Face masks (excl. paper surgical masks - under B6)","IMPORT","QUANTITY_IN_100KG","4,279",""
"Feb. 2019","MALTA","EU27_2020_EXTRA","Face masks (excl. paper surgical masks - under B6)","IMPORT","QUANTITY_IN_100KG","63",""
"Mar. 2019","MALTA","EU27_2020_EXTRA","Face masks (excl. paper surgical masks - under B6)","IMPORT","QUANTITY_IN_100KG","36",""
"Apr. 2019","MALTA","EU27_2020_EXTRA","Face masks (excl. paper surgical masks - under B6)","IMPORT","QUANTITY_IN_100KG","76",""
"May. 2019","MALTA","EU27_2020_EXTRA","Face masks (excl. paper surgical masks - under B6)","IMPORT","QUANTITY_IN_100KG","37",""
"Jun. 2019","MALTA","EU27_2020_EXTRA","Face masks (excl. paper surgical masks - under B6)","IMPORT","QUANTITY_IN_100KG","102",""
"Feb. 2020","MALTA","EU27_2020_EXTRA","Face masks (excl. paper surgical masks - under B6)","IMPORT","QUANTITY_IN_100KG","32",""
"Mar. 2020","MALTA","EU27_2020_EXTRA","Face masks (excl. paper surgical masks - under B6)","IMPORT","QUANTITY_IN_100KG","46",""
"Apr. 2020","MALTA","EU27_2020_EXTRA","Face masks (excl. paper surgical masks - under B6)","IMPORT","QUANTITY_IN_100KG","261",""
"May. 2020","MALTA","EU27_2020_EXTRA","Face masks (excl. paper surgical masks - under B6)","IMPORT","QUANTITY_IN_100KG","296",""
"Jun. 2020","MALTA","EU27_2020_EXTRA","Face masks (excl. paper surgical masks - under B6)","IMPORT","QUANTITY_IN_100KG","227",""
"Feb. 2019","NETHERLANDS","EU27_2020_EXTRA","Face masks (excl. paper surgical masks - under B6)","IMPORT","QUANTITY_IN_100KG","49,016",""
"Mar. 2019","NETHERLANDS","EU27_2020_EXTRA","Face masks (excl. paper surgical masks - under B6)","IMPORT","QUANTITY_IN_100KG","41,125",""
"Apr. 2019","NETHERLANDS","EU27_2020_EXTRA","Face masks (excl. paper surgical masks - under B6)","IMPORT","QUANTITY_IN_100KG","40,985",""
"May. 2019","NETHERLANDS","EU27_2020_EXTRA","Face masks (excl. paper surgical masks - under B6)","IMPORT","QUANTITY_IN_100KG","52,070",""
"Jun. 2019","NETHERLANDS","EU27_2020_EXTRA","Face masks (excl. paper surgical masks - under B6)","IMPORT","QUANTITY_IN_100KG","44,173",""
"Feb. 2020","NETHERLANDS","EU27_2020_EXTRA","Face masks (excl. paper surgical masks - under B6)","IMPORT","QUANTITY_IN_100KG","42,396",""
"Mar. 2020","NETHERLANDS","EU27_2020_EXTRA","Face masks (excl. paper surgical masks - under B6)","IMPORT","QUANTITY_IN_100KG","29,729",""
"Apr. 2020","NETHERLANDS","EU27_2020_EXTRA","Face masks (excl. paper surgical masks - under B6)","IMPORT","QUANTITY_IN_100KG","54,536",""
"May. 2020","NETHERLANDS","EU27_2020_EXTRA","Face masks (excl. paper surgical masks - under B6)","IMPORT","QUANTITY_IN_100KG","85,399",""
"Jun. 2020","NETHERLANDS","EU27_2020_EXTRA","Face masks (excl. paper surgical masks - under B6)","IMPORT","QUANTITY_IN_100KG","72,220",""
"Feb. 2019","AUSTRIA","EU27_2020_EXTRA","Face masks (excl. paper surgical masks - under B6)","IMPORT","QUANTITY_IN_100KG","6,411",""
"Mar. 2019","AUSTRIA","EU27_2020_EXTRA","Face masks (excl. paper surgical masks - under B6)","IMPORT","QUANTITY_IN_100KG","4,609",""
"Apr. 2019","AUSTRIA","EU27_2020_EXTRA","Face masks (excl. paper surgical masks - under B6)","IMPORT","QUANTITY_IN_100KG","3,943",""
"May. 2019","AUSTRIA","EU27_2020_EXTRA","Face masks (excl. paper surgical masks - under B6)","IMPORT","QUANTITY_IN_100KG","4,401",""
"Jun. 2019","AUSTRIA","EU27_2020_EXTRA","Face masks (excl. paper surgical masks - under B6)","IMPORT","QUANTITY_IN_100KG","3,986",""
"Feb. 2020","AUSTRIA","EU27_2020_EXTRA","Face masks (excl. paper surgical masks - under B6)","IMPORT","QUANTITY_IN_100KG","3,820",""
"Mar. 2020","AUSTRIA","EU27_2020_EXTRA","Face masks (excl. paper surgical masks - under B6)","IMPORT","QUANTITY_IN_100KG","3,865",""
"Apr. 2020","AUSTRIA","EU27_2020_EXTRA","Face masks (excl. paper surgical masks - under B6)","IMPORT","QUANTITY_IN_100KG","18,337",""
"May. 2020","AUSTRIA","EU27_2020_EXTRA","Face masks (excl. paper surgical masks - under B6)","IMPORT","QUANTITY_IN_100KG","14,415",""
"Jun. 2020","AUSTRIA","EU27_2020_EXTRA","Face masks (excl. paper surgical masks - under B6)","IMPORT","QUANTITY_IN_100KG","7,844",""
"Feb. 2019","POLAND","EU27_2020_EXTRA","Face masks (excl. paper surgical masks - under B6)","IMPORT","QUANTITY_IN_100KG","18,138",""
"Mar. 2019","POLAND","EU27_2020_EXTRA","Face masks (excl. paper surgical masks - under B6)","IMPORT","QUANTITY_IN_100KG","14,050",""
"Apr. 2019","POLAND","EU27_2020_EXTRA","Face masks (excl. paper surgical masks - under B6)","IMPORT","QUANTITY_IN_100KG","10,984",""
"May. 2019","POLAND","EU27_2020_EXTRA","Face masks (excl. paper surgical masks - under B6)","IMPORT","QUANTITY_IN_100KG","11,818",""
"Jun. 2019","POLAND","EU27_2020_EXTRA","Face masks (excl. paper surgical masks - under B6)","IMPORT","QUANTITY_IN_100KG","14,702",""
"Feb. 2020","POLAND","EU27_2020_EXTRA","Face masks (excl. paper surgical masks - under B6)","IMPORT","QUANTITY_IN_100KG","16,706",""
"Mar. 2020","POLAND","EU27_2020_EXTRA","Face masks (excl. paper surgical masks - under B6)","IMPORT","QUANTITY_IN_100KG","16,119",""
"Apr. 2020","POLAND","EU27_2020_EXTRA","Face masks (excl. paper surgical masks - under B6)","IMPORT","QUANTITY_IN_100KG","25,411",""
"May. 2020","POLAND","EU27_2020_EXTRA","Face masks (excl. paper surgical masks - under B6)","IMPORT","QUANTITY_IN_100KG","22,092",""
"Jun. 2020","POLAND","EU27_2020_EXTRA","Face masks (excl. paper surgical masks - under B6)","IMPORT","QUANTITY_IN_100KG","16,281",""
"Feb. 2019","PORTUGAL","EU27_2020_EXTRA","Face masks (excl. paper surgical masks - under B6)","IMPORT","QUANTITY_IN_100KG","1,268",""
"Mar. 2019","PORTUGAL","EU27_2020_EXTRA","Face masks (excl. paper surgical masks - under B6)","IMPORT","QUANTITY_IN_100KG","888",""
"Apr. 2019","PORTUGAL","EU27_2020_EXTRA","Face masks (excl. paper surgical masks - under B6)","IMPORT","QUANTITY_IN_100KG","500",""
"May. 2019","PORTUGAL","EU27_2020_EXTRA","Face masks (excl. paper surgical masks - under B6)","IMPORT","QUANTITY_IN_100KG","1,725",""
"Jun. 2019","PORTUGAL","EU27_2020_EXTRA","Face masks (excl. paper surgical masks - under B6)","IMPORT","QUANTITY_IN_100KG","1,084",""
"Feb. 2020","PORTUGAL","EU27_2020_EXTRA","Face masks (excl. paper surgical masks - under B6)","IMPORT","QUANTITY_IN_100KG","2,717",""
"Mar. 2020","PORTUGAL","EU27_2020_EXTRA","Face masks (excl. paper surgical masks - under B6)","IMPORT","QUANTITY_IN_100KG","1,422",""
"Apr. 2020","PORTUGAL","EU27_2020_EXTRA","Face masks (excl. paper surgical masks - under B6)","IMPORT","QUANTITY_IN_100KG","5,840",""
"May. 2020","PORTUGAL","EU27_2020_EXTRA","Face masks (excl. paper surgical masks - under B6)","IMPORT","QUANTITY_IN_100KG","9,056",""
"Jun. 2020","PORTUGAL","EU27_2020_EXTRA","Face masks (excl. paper surgical masks - under B6)","IMPORT","QUANTITY_IN_100KG","5,454",""
"Feb. 2019","ROMANIA","EU27_2020_EXTRA","Face masks (excl. paper surgical masks - under B6)","IMPORT","QUANTITY_IN_100KG","2,582",""
"Mar. 2019","ROMANIA","EU27_2020_EXTRA","Face masks (excl. paper surgical masks - under B6)","IMPORT","QUANTITY_IN_100KG","2,458",""
"Apr. 2019","ROMANIA","EU27_2020_EXTRA","Face masks (excl. paper surgical masks - under B6)","IMPORT","QUANTITY_IN_100KG","2,593",""
"May. 2019","ROMANIA","EU27_2020_EXTRA","Face masks (excl. paper surgical masks - under B6)","IMPORT","QUANTITY_IN_100KG","2,985",""
"Jun. 2019","ROMANIA","EU27_2020_EXTRA","Face masks (excl. paper surgical masks - under B6)","IMPORT","QUANTITY_IN_100KG","2,917",""
"Feb. 2020","ROMANIA","EU27_2020_EXTRA","Face masks (excl. paper surgical masks - under B6)","IMPORT","QUANTITY_IN_100KG","3,426",""
"Mar. 2020","ROMANIA","EU27_2020_EXTRA","Face masks (excl. paper surgical masks - under B6)","IMPORT","QUANTITY_IN_100KG","4,556",""
"Apr. 2020","ROMANIA","EU27_2020_EXTRA","Face masks (excl. paper surgical masks - under B6)","IMPORT","QUANTITY_IN_100KG","16,495",""
"May. 2020","ROMANIA","EU27_2020_EXTRA","Face masks (excl. paper surgical masks - under B6)","IMPORT","QUANTITY_IN_100KG","6,664",""
"Jun. 2020","ROMANIA","EU27_2020_EXTRA","Face masks (excl. paper surgical masks - under B6)","IMPORT","QUANTITY_IN_100KG","4,745",""
"Feb. 2019","SLOVENIA","EU27_2020_EXTRA","Face masks (excl. paper surgical masks - under B6)","IMPORT","QUANTITY_IN_100KG","474",""
"Mar. 2019","SLOVENIA","EU27_2020_EXTRA","Face masks (excl. paper surgical masks - under B6)","IMPORT","QUANTITY_IN_100KG","467",""
"Apr. 2019","SLOVENIA","EU27_2020_EXTRA","Face masks (excl. paper surgical masks - under B6)","IMPORT","QUANTITY_IN_100KG","583",""
"May. 2019","SLOVENIA","EU27_2020_EXTRA","Face masks (excl. paper surgical masks - under B6)","IMPORT","QUANTITY_IN_100KG","1,597",""
"Jun. 2019","SLOVENIA","EU27_2020_EXTRA","Face masks (excl. paper surgical masks - under B6)","IMPORT","QUANTITY_IN_100KG","913",""
"Feb. 2020","SLOVENIA","EU27_2020_EXTRA","Face masks (excl. paper surgical masks - under B6)","IMPORT","QUANTITY_IN_100KG","199",""
"Mar. 2020","SLOVENIA","EU27_2020_EXTRA","Face masks (excl. paper surgical masks - under B6)","IMPORT","QUANTITY_IN_100KG","754",""
"Apr. 2020","SLOVENIA","EU27_2020_EXTRA","Face masks (excl. paper surgical masks - under B6)","IMPORT","QUANTITY_IN_100KG","4,591",""
"May. 2020","SLOVENIA","EU27_2020_EXTRA","Face masks (excl. paper surgical masks - under B6)","IMPORT","QUANTITY_IN_100KG","3,568",""
"Jun. 2020","SLOVENIA","EU27_2020_EXTRA","Face masks (excl. paper surgical masks - under B6)","IMPORT","QUANTITY_IN_100KG","1,339",""
"Feb. 2019","SLOVAKIA","EU27_2020_EXTRA","Face masks (excl. paper surgical masks - under B6)","IMPORT","QUANTITY_IN_100KG","1,216",""
"Mar. 2019","SLOVAKIA","EU27_2020_EXTRA","Face masks (excl. paper surgical masks - under B6)","IMPORT","QUANTITY_IN_100KG","1,668",""
"Apr. 2019","SLOVAKIA","EU27_2020_EXTRA","Face masks (excl. paper surgical masks - under B6)","IMPORT","QUANTITY_IN_100KG","1,366",""
"May. 2019","SLOVAKIA","EU27_2020_EXTRA","Face masks (excl. paper surgical masks - under B6)","IMPORT","QUANTITY_IN_100KG","2,153",""
"Jun. 2019","SLOVAKIA","EU27_2020_EXTRA","Face masks (excl. paper surgical masks - under B6)","IMPORT","QUANTITY_IN_100KG","1,599",""
"Feb. 2020","SLOVAKIA","EU27_2020_EXTRA","Face masks (excl. paper surgical masks - under B6)","IMPORT","QUANTITY_IN_100KG","2,008",""
"Mar. 2020","SLOVAKIA","EU27_2020_EXTRA","Face masks (excl. paper surgical masks - under B6)","IMPORT","QUANTITY_IN_100KG","2,267",""
"Apr. 2020","SLOVAKIA","EU27_2020_EXTRA","Face masks (excl. paper surgical masks - under B6)","IMPORT","QUANTITY_IN_100KG","5,052",""
"May. 2020","SLOVAKIA","EU27_2020_EXTRA","Face masks (excl. paper surgical masks - under B6)","IMPORT","QUANTITY_IN_100KG","2,985",""
"Jun. 2020","SLOVAKIA","EU27_2020_EXTRA","Face masks (excl. paper surgical masks - under B6)","IMPORT","QUANTITY_IN_100KG","2,370",""
"Feb. 2019","FINLAND","EU27_2020_EXTRA","Face masks (excl. paper surgical masks - under B6)","IMPORT","QUANTITY_IN_100KG","2,120",""
"Mar. 2019","FINLAND","EU27_2020_EXTRA","Face masks (excl. paper surgical masks - under B6)","IMPORT","QUANTITY_IN_100KG","2,035",""
"Apr. 2019","FINLAND","EU27_2020_EXTRA","Face masks (excl. paper surgical masks - under B6)","IMPORT","QUANTITY_IN_100KG","1,963",""
"May. 2019","FINLAND","EU27_2020_EXTRA","Face masks (excl. paper surgical masks - under B6)","IMPORT","QUANTITY_IN_100KG","2,856",""
"Jun. 2019","FINLAND","EU27_2020_EXTRA","Face masks (excl. paper surgical masks - under B6)","IMPORT","QUANTITY_IN_100KG","1,741",""
"Feb. 2020","FINLAND","EU27_2020_EXTRA","Face masks (excl. paper surgical masks - under B6)","IMPORT","QUANTITY_IN_100KG","2,338",""
"Mar. 2020","FINLAND","EU27_2020_EXTRA","Face masks (excl. paper surgical masks - under B6)","IMPORT","QUANTITY_IN_100KG","2,973",""
"Apr. 2020","FINLAND","EU27_2020_EXTRA","Face masks (excl. paper surgical masks - under B6)","IMPORT","QUANTITY_IN_100KG","2,960",""
"May. 2020","FINLAND","EU27_2020_EXTRA","Face masks (excl. paper surgical masks - under B6)","IMPORT","QUANTITY_IN_100KG","4,793",""
"Jun. 2020","FINLAND","EU27_2020_EXTRA","Face masks (excl. paper surgical masks - under B6)","IMPORT","QUANTITY_IN_100KG","4,467",""
"Feb. 2019","SWEDEN","EU27_2020_EXTRA","Face masks (excl. paper surgical masks - under B6)","IMPORT","QUANTITY_IN_100KG","8,422",""
"Mar. 2019","SWEDEN","EU27_2020_EXTRA","Face masks (excl. paper surgical masks - under B6)","IMPORT","QUANTITY_IN_100KG","7,382",""
"Apr. 2019","SWEDEN","EU27_2020_EXTRA","Face masks (excl. paper surgical masks - under B6)","IMPORT","QUANTITY_IN_100KG","8,437",""
"May. 2019","SWEDEN","EU27_2020_EXTRA","Face masks (excl. paper surgical masks - under B6)","IMPORT","QUANTITY_IN_100KG","10,180",""
"Jun. 2019","SWEDEN","EU27_2020_EXTRA","Face masks (excl. paper surgical masks - under B6)","IMPORT","QUANTITY_IN_100KG","8,633",""
"Feb. 2020","SWEDEN","EU27_2020_EXTRA","Face masks (excl. paper surgical masks - under B6)","IMPORT","QUANTITY_IN_100KG","7,933",""
"Mar. 2020","SWEDEN","EU27_2020_EXTRA","Face masks (excl. paper surgical masks - under B6)","IMPORT","QUANTITY_IN_100KG","6,044",""
"Apr. 2020","SWEDEN","EU27_2020_EXTRA","Face masks (excl. paper surgical masks - under B6)","IMPORT","QUANTITY_IN_100KG","7,571",""
"May. 2020","SWEDEN","EU27_2020_EXTRA","Face masks (excl. paper surgical masks - under B6)","IMPORT","QUANTITY_IN_100KG","8,646",""
"Jun. 2020","SWEDEN","EU27_2020_EXTRA","Face masks (excl. paper surgical masks - under B6)","IMPORT","QUANTITY_IN_100KG","11,506",""
"Feb. 2019","GREECE","EU27_2020_EXTRA","Face masks (excl. paper surgical masks - under B6)","IMPORT","QUANTITY_IN_100KG","1,447",""
"Mar. 2019","GREECE","EU27_2020_EXTRA","Face masks (excl. paper surgical masks - under B6)","IMPORT","QUANTITY_IN_100KG","713",""
"Apr. 2019","GREECE","EU27_2020_EXTRA","Face masks (excl. paper surgical masks - under B6)","IMPORT","QUANTITY_IN_100KG","1,787",""
"May. 2019","GREECE","EU27_2020_EXTRA","Face masks (excl. paper surgical masks - under B6)","IMPORT","QUANTITY_IN_100KG","1,447",""
"Jun. 2019","GREECE","EU27_2020_EXTRA","Face masks (excl. paper surgical masks - under B6)","IMPORT","QUANTITY_IN_100KG","1,215",""
"Feb. 2020","GREECE","EU27_2020_EXTRA","Face masks (excl. paper surgical masks - under B6)","IMPORT","QUANTITY_IN_100KG","1,192",""
"Mar. 2020","GREECE","EU27_2020_EXTRA","Face masks (excl. paper surgical masks - under B6)","IMPORT","QUANTITY_IN_100KG","643",""
"Apr. 2020","GREECE","EU27_2020_EXTRA","Face masks (excl. paper surgical masks - under B6)","IMPORT","QUANTITY_IN_100KG","5,740",""
"May. 2020","GREECE","EU27_2020_EXTRA","Face masks (excl. paper surgical masks - under B6)","IMPORT","QUANTITY_IN_100KG","5,279",""
"Jun. 2020","GREECE","EU27_2020_EXTRA","Face masks (excl. paper surgical masks - under B6)","IMPORT","QUANTITY_IN_100KG","4,198",""
