"PERIOD","REPORTER","PARTNER","PRODUCT","FLOW","INDICATORS","Value","Flag and Footnotes"
"Feb. 2019","EU27_2020 (AT, BE, BG, CY, CZ, DE, DK, EE, ES, FI, FR, GR, HR,HU, IE, IT, LT, LU, LV, MT, NL, PL, PT, RO, SE, SI, SK)","EU27_2020_INTRA","Face masks (excl. paper surgical masks - under B6)","IMPORT","QUANTITY_IN_100KG","122,032",""
"Mar. 2019","EU27_2020 (AT, BE, BG, CY, CZ, DE, DK, EE, ES, FI, FR, GR, HR,HU, IE, IT, LT, LU, LV, MT, NL, PL, PT, RO, SE, SI, SK)","EU27_2020_INTRA","Face masks (excl. paper surgical masks - under B6)","IMPORT","QUANTITY_IN_100KG","117,007",""
"Apr. 2019","EU27_2020 (AT, BE, BG, CY, CZ, DE, DK, EE, ES, FI, FR, GR, HR,HU, IE, IT, LT, LU, LV, MT, NL, PL, PT, RO, SE, SI, SK)","EU27_2020_INTRA","Face masks (excl. paper surgical masks - under B6)","IMPORT","QUANTITY_IN_100KG","111,096",""
"May. 2019","EU27_2020 (AT, BE, BG, CY, CZ, DE, DK, EE, ES, FI, FR, GR, HR,HU, IE, IT, LT, LU, LV, MT, NL, PL, PT, RO, SE, SI, SK)","EU27_2020_INTRA","Face masks (excl. paper surgical masks - under B6)","IMPORT","QUANTITY_IN_100KG","112,180",""
"Jun. 2019","EU27_2020 (AT, BE, BG, CY, CZ, DE, DK, EE, ES, FI, FR, GR, HR,HU, IE, IT, LT, LU, LV, MT, NL, PL, PT, RO, SE, SI, SK)","EU27_2020_INTRA","Face masks (excl. paper surgical masks - under B6)","IMPORT","QUANTITY_IN_100KG","111,006",""
"Feb. 2020","EU27_2020 (AT, BE, BG, CY, CZ, DE, DK, EE, ES, FI, FR, GR, HR,HU, IE, IT, LT, LU, LV, MT, NL, PL, PT, RO, SE, SI, SK)","EU27_2020_INTRA","Face masks (excl. paper surgical masks - under B6)","IMPORT","QUANTITY_IN_100KG","121,164",""
"Mar. 2020","EU27_2020 (AT, BE, BG, CY, CZ, DE, DK, EE, ES, FI, FR, GR, HR,HU, IE, IT, LT, LU, LV, MT, NL, PL, PT, RO, SE, SI, SK)","EU27_2020_INTRA","Face masks (excl. paper surgical masks - under B6)","IMPORT","QUANTITY_IN_100KG","141,443",""
"Apr. 2020","EU27_2020 (AT, BE, BG, CY, CZ, DE, DK, EE, ES, FI, FR, GR, HR,HU, IE, IT, LT, LU, LV, MT, NL, PL, PT, RO, SE, SI, SK)","EU27_2020_INTRA","Face masks (excl. paper surgical masks - under B6)","IMPORT","QUANTITY_IN_100KG","198,787",""
"May. 2020","EU27_2020 (AT, BE, BG, CY, CZ, DE, DK, EE, ES, FI, FR, GR, HR,HU, IE, IT, LT, LU, LV, MT, NL, PL, PT, RO, SE, SI, SK)","EU27_2020_INTRA","Face masks (excl. paper surgical masks - under B6)","IMPORT","QUANTITY_IN_100KG","228,663",""
"Jun. 2020","EU27_2020 (AT, BE, BG, CY, CZ, DE, DK, EE, ES, FI, FR, GR, HR,HU, IE, IT, LT, LU, LV, MT, NL, PL, PT, RO, SE, SI, SK)","EU27_2020_INTRA","Face masks (excl. paper surgical masks - under B6)","IMPORT","QUANTITY_IN_100KG","197,247",""
"Feb. 2019","BELGIUM (and LUXBG -> 1998)","EU27_2020_INTRA","Face masks (excl. paper surgical masks - under B6)","IMPORT","QUANTITY_IN_100KG","8,381",""
"Mar. 2019","BELGIUM (and LUXBG -> 1998)","EU27_2020_INTRA","Face masks (excl. paper surgical masks - under B6)","IMPORT","QUANTITY_IN_100KG","7,143",""
"Apr. 2019","BELGIUM (and LUXBG -> 1998)","EU27_2020_INTRA","Face masks (excl. paper surgical masks - under B6)","IMPORT","QUANTITY_IN_100KG","5,008",""
"May. 2019","BELGIUM (and LUXBG -> 1998)","EU27_2020_INTRA","Face masks (excl. paper surgical masks - under B6)","IMPORT","QUANTITY_IN_100KG","5,413",""
"Jun. 2019","BELGIUM (and LUXBG -> 1998)","EU27_2020_INTRA","Face masks (excl. paper surgical masks - under B6)","IMPORT","QUANTITY_IN_100KG","6,091",""
"Feb. 2020","BELGIUM (and LUXBG -> 1998)","EU27_2020_INTRA","Face masks (excl. paper surgical masks - under B6)","IMPORT","QUANTITY_IN_100KG","7,784",""
"Mar. 2020","BELGIUM (and LUXBG -> 1998)","EU27_2020_INTRA","Face masks (excl. paper surgical masks - under B6)","IMPORT","QUANTITY_IN_100KG","4,999",""
"Apr. 2020","BELGIUM (and LUXBG -> 1998)","EU27_2020_INTRA","Face masks (excl. paper surgical masks - under B6)","IMPORT","QUANTITY_IN_100KG","39,878",""
"May. 2020","BELGIUM (and LUXBG -> 1998)","EU27_2020_INTRA","Face masks (excl. paper surgical masks - under B6)","IMPORT","QUANTITY_IN_100KG","17,778",""
"Jun. 2020","BELGIUM (and LUXBG -> 1998)","EU27_2020_INTRA","Face masks (excl. paper surgical masks - under B6)","IMPORT","QUANTITY_IN_100KG","11,991",""
"Feb. 2019","BULGARIA","EU27_2020_INTRA","Face masks (excl. paper surgical masks - under B6)","IMPORT","QUANTITY_IN_100KG","357",""
"Mar. 2019","BULGARIA","EU27_2020_INTRA","Face masks (excl. paper surgical masks - under B6)","IMPORT","QUANTITY_IN_100KG","466",""
"Apr. 2019","BULGARIA","EU27_2020_INTRA","Face masks (excl. paper surgical masks - under B6)","IMPORT","QUANTITY_IN_100KG","440",""
"May. 2019","BULGARIA","EU27_2020_INTRA","Face masks (excl. paper surgical masks - under B6)","IMPORT","QUANTITY_IN_100KG","397",""
"Jun. 2019","BULGARIA","EU27_2020_INTRA","Face masks (excl. paper surgical masks - under B6)","IMPORT","QUANTITY_IN_100KG","370",""
"Feb. 2020","BULGARIA","EU27_2020_INTRA","Face masks (excl. paper surgical masks - under B6)","IMPORT","QUANTITY_IN_100KG","586",""
"Mar. 2020","BULGARIA","EU27_2020_INTRA","Face masks (excl. paper surgical masks - under B6)","IMPORT","QUANTITY_IN_100KG","528",""
"Apr. 2020","BULGARIA","EU27_2020_INTRA","Face masks (excl. paper surgical masks - under B6)","IMPORT","QUANTITY_IN_100KG","498",""
"May. 2020","BULGARIA","EU27_2020_INTRA","Face masks (excl. paper surgical masks - under B6)","IMPORT","QUANTITY_IN_100KG","2,801",""
"Jun. 2020","BULGARIA","EU27_2020_INTRA","Face masks (excl. paper surgical masks - under B6)","IMPORT","QUANTITY_IN_100KG","732",""
"Feb. 2019","CZECHIA (CS->1992)","EU27_2020_INTRA","Face masks (excl. paper surgical masks - under B6)","IMPORT","QUANTITY_IN_100KG","5,515",""
"Mar. 2019","CZECHIA (CS->1992)","EU27_2020_INTRA","Face masks (excl. paper surgical masks - under B6)","IMPORT","QUANTITY_IN_100KG","4,392",""
"Apr. 2019","CZECHIA (CS->1992)","EU27_2020_INTRA","Face masks (excl. paper surgical masks - under B6)","IMPORT","QUANTITY_IN_100KG","3,616",""
"May. 2019","CZECHIA (CS->1992)","EU27_2020_INTRA","Face masks (excl. paper surgical masks - under B6)","IMPORT","QUANTITY_IN_100KG","6,184",""
"Jun. 2019","CZECHIA (CS->1992)","EU27_2020_INTRA","Face masks (excl. paper surgical masks - under B6)","IMPORT","QUANTITY_IN_100KG","4,629",""
"Feb. 2020","CZECHIA (CS->1992)","EU27_2020_INTRA","Face masks (excl. paper surgical masks - under B6)","IMPORT","QUANTITY_IN_100KG","4,862",""
"Mar. 2020","CZECHIA (CS->1992)","EU27_2020_INTRA","Face masks (excl. paper surgical masks - under B6)","IMPORT","QUANTITY_IN_100KG","4,892",""
"Apr. 2020","CZECHIA (CS->1992)","EU27_2020_INTRA","Face masks (excl. paper surgical masks - under B6)","IMPORT","QUANTITY_IN_100KG","5,064",""
"May. 2020","CZECHIA (CS->1992)","EU27_2020_INTRA","Face masks (excl. paper surgical masks - under B6)","IMPORT","QUANTITY_IN_100KG","4,826",""
"Jun. 2020","CZECHIA (CS->1992)","EU27_2020_INTRA","Face masks (excl. paper surgical masks - under B6)","IMPORT","QUANTITY_IN_100KG","4,919",""
"Feb. 2019","DENMARK","EU27_2020_INTRA","Face masks (excl. paper surgical masks - under B6)","IMPORT","QUANTITY_IN_100KG","2,907",""
"Mar. 2019","DENMARK","EU27_2020_INTRA","Face masks (excl. paper surgical masks - under B6)","IMPORT","QUANTITY_IN_100KG","3,159",""
"Apr. 2019","DENMARK","EU27_2020_INTRA","Face masks (excl. paper surgical masks - under B6)","IMPORT","QUANTITY_IN_100KG","2,726",""
"May. 2019","DENMARK","EU27_2020_INTRA","Face masks (excl. paper surgical masks - under B6)","IMPORT","QUANTITY_IN_100KG","2,643",""
"Jun. 2019","DENMARK","EU27_2020_INTRA","Face masks (excl. paper surgical masks - under B6)","IMPORT","QUANTITY_IN_100KG","2,974",""
"Feb. 2020","DENMARK","EU27_2020_INTRA","Face masks (excl. paper surgical masks - under B6)","IMPORT","QUANTITY_IN_100KG","2,942",""
"Mar. 2020","DENMARK","EU27_2020_INTRA","Face masks (excl. paper surgical masks - under B6)","IMPORT","QUANTITY_IN_100KG","2,736",""
"Apr. 2020","DENMARK","EU27_2020_INTRA","Face masks (excl. paper surgical masks - under B6)","IMPORT","QUANTITY_IN_100KG","3,111",""
"May. 2020","DENMARK","EU27_2020_INTRA","Face masks (excl. paper surgical masks - under B6)","IMPORT","QUANTITY_IN_100KG","3,581",""
"Jun. 2020","DENMARK","EU27_2020_INTRA","Face masks (excl. paper surgical masks - under B6)","IMPORT","QUANTITY_IN_100KG","3,264",""
"Feb. 2019","GERMANY (incl DD from 1991)","EU27_2020_INTRA","Face masks (excl. paper surgical masks - under B6)","IMPORT","QUANTITY_IN_100KG","30,131",""
"Mar. 2019","GERMANY (incl DD from 1991)","EU27_2020_INTRA","Face masks (excl. paper surgical masks - under B6)","IMPORT","QUANTITY_IN_100KG","26,977",""
"Apr. 2019","GERMANY (incl DD from 1991)","EU27_2020_INTRA","Face masks (excl. paper surgical masks - under B6)","IMPORT","QUANTITY_IN_100KG","29,590",""
"May. 2019","GERMANY (incl DD from 1991)","EU27_2020_INTRA","Face masks (excl. paper surgical masks - under B6)","IMPORT","QUANTITY_IN_100KG","30,555",""
"Jun. 2019","GERMANY (incl DD from 1991)","EU27_2020_INTRA","Face masks (excl. paper surgical masks - under B6)","IMPORT","QUANTITY_IN_100KG","27,321",""
"Feb. 2020","GERMANY (incl DD from 1991)","EU27_2020_INTRA","Face masks (excl. paper surgical masks - under B6)","IMPORT","QUANTITY_IN_100KG","28,797",""
"Mar. 2020","GERMANY (incl DD from 1991)","EU27_2020_INTRA","Face masks (excl. paper surgical masks - under B6)","IMPORT","QUANTITY_IN_100KG","40,199",""
"Apr. 2020","GERMANY (incl DD from 1991)","EU27_2020_INTRA","Face masks (excl. paper surgical masks - under B6)","IMPORT","QUANTITY_IN_100KG","36,370",""
"May. 2020","GERMANY (incl DD from 1991)","EU27_2020_INTRA","Face masks (excl. paper surgical masks - under B6)","IMPORT","QUANTITY_IN_100KG","44,211",""
"Jun. 2020","GERMANY (incl DD from 1991)","EU27_2020_INTRA","Face masks (excl. paper surgical masks - under B6)","IMPORT","QUANTITY_IN_100KG","44,549",""
"Feb. 2019","ESTONIA","EU27_2020_INTRA","Face masks (excl. paper surgical masks - under B6)","IMPORT","QUANTITY_IN_100KG","393",""
"Mar. 2019","ESTONIA","EU27_2020_INTRA","Face masks (excl. paper surgical masks - under B6)","IMPORT","QUANTITY_IN_100KG","442",""
"Apr. 2019","ESTONIA","EU27_2020_INTRA","Face masks (excl. paper surgical masks - under B6)","IMPORT","QUANTITY_IN_100KG","991",""
"May. 2019","ESTONIA","EU27_2020_INTRA","Face masks (excl. paper surgical masks - under B6)","IMPORT","QUANTITY_IN_100KG","1,949",""
"Jun. 2019","ESTONIA","EU27_2020_INTRA","Face masks (excl. paper surgical masks - under B6)","IMPORT","QUANTITY_IN_100KG","2,458",""
"Feb. 2020","ESTONIA","EU27_2020_INTRA","Face masks (excl. paper surgical masks - under B6)","IMPORT","QUANTITY_IN_100KG","502",""
"Mar. 2020","ESTONIA","EU27_2020_INTRA","Face masks (excl. paper surgical masks - under B6)","IMPORT","QUANTITY_IN_100KG","518",""
"Apr. 2020","ESTONIA","EU27_2020_INTRA","Face masks (excl. paper surgical masks - under B6)","IMPORT","QUANTITY_IN_100KG","458",""
"May. 2020","ESTONIA","EU27_2020_INTRA","Face masks (excl. paper surgical masks - under B6)","IMPORT","QUANTITY_IN_100KG","345",""
"Jun. 2020","ESTONIA","EU27_2020_INTRA","Face masks (excl. paper surgical masks - under B6)","IMPORT","QUANTITY_IN_100KG","396",""
"Feb. 2019","IRELAND","EU27_2020_INTRA","Face masks (excl. paper surgical masks - under B6)","IMPORT","QUANTITY_IN_100KG","296",""
"Mar. 2019","IRELAND","EU27_2020_INTRA","Face masks (excl. paper surgical masks - under B6)","IMPORT","QUANTITY_IN_100KG","790",""
"Apr. 2019","IRELAND","EU27_2020_INTRA","Face masks (excl. paper surgical masks - under B6)","IMPORT","QUANTITY_IN_100KG","263",""
"May. 2019","IRELAND","EU27_2020_INTRA","Face masks (excl. paper surgical masks - under B6)","IMPORT","QUANTITY_IN_100KG","437",""
"Jun. 2019","IRELAND","EU27_2020_INTRA","Face masks (excl. paper surgical masks - under B6)","IMPORT","QUANTITY_IN_100KG","572",""
"Feb. 2020","IRELAND","EU27_2020_INTRA","Face masks (excl. paper surgical masks - under B6)","IMPORT","QUANTITY_IN_100KG","530",""
"Mar. 2020","IRELAND","EU27_2020_INTRA","Face masks (excl. paper surgical masks - under B6)","IMPORT","QUANTITY_IN_100KG","424",""
"Apr. 2020","IRELAND","EU27_2020_INTRA","Face masks (excl. paper surgical masks - under B6)","IMPORT","QUANTITY_IN_100KG","388",""
"May. 2020","IRELAND","EU27_2020_INTRA","Face masks (excl. paper surgical masks - under B6)","IMPORT","QUANTITY_IN_100KG","1,678",""
"Jun. 2020","IRELAND","EU27_2020_INTRA","Face masks (excl. paper surgical masks - under B6)","IMPORT","QUANTITY_IN_100KG","982",""
"Feb. 2019","SPAIN","EU27_2020_INTRA","Face masks (excl. paper surgical masks - under B6)","IMPORT","QUANTITY_IN_100KG","5,268",""
"Mar. 2019","SPAIN","EU27_2020_INTRA","Face masks (excl. paper surgical masks - under B6)","IMPORT","QUANTITY_IN_100KG","5,426",""
"Apr. 2019","SPAIN","EU27_2020_INTRA","Face masks (excl. paper surgical masks - under B6)","IMPORT","QUANTITY_IN_100KG","4,010",""
"May. 2019","SPAIN","EU27_2020_INTRA","Face masks (excl. paper surgical masks - under B6)","IMPORT","QUANTITY_IN_100KG","3,803",""
"Jun. 2019","SPAIN","EU27_2020_INTRA","Face masks (excl. paper surgical masks - under B6)","IMPORT","QUANTITY_IN_100KG","7,179",""
"Feb. 2020","SPAIN","EU27_2020_INTRA","Face masks (excl. paper surgical masks - under B6)","IMPORT","QUANTITY_IN_100KG","4,818",""
"Mar. 2020","SPAIN","EU27_2020_INTRA","Face masks (excl. paper surgical masks - under B6)","IMPORT","QUANTITY_IN_100KG","5,603",""
"Apr. 2020","SPAIN","EU27_2020_INTRA","Face masks (excl. paper surgical masks - under B6)","IMPORT","QUANTITY_IN_100KG","5,737",""
"May. 2020","SPAIN","EU27_2020_INTRA","Face masks (excl. paper surgical masks - under B6)","IMPORT","QUANTITY_IN_100KG","13,338",""
"Jun. 2020","SPAIN","EU27_2020_INTRA","Face masks (excl. paper surgical masks - under B6)","IMPORT","QUANTITY_IN_100KG","36,259",""
"Feb. 2019","FRANCE","EU27_2020_INTRA","Face masks (excl. paper surgical masks - under B6)","IMPORT","QUANTITY_IN_100KG","16,191",""
"Mar. 2019","FRANCE","EU27_2020_INTRA","Face masks (excl. paper surgical masks - under B6)","IMPORT","QUANTITY_IN_100KG","18,145",""
"Apr. 2019","FRANCE","EU27_2020_INTRA","Face masks (excl. paper surgical masks - under B6)","IMPORT","QUANTITY_IN_100KG","17,895",""
"May. 2019","FRANCE","EU27_2020_INTRA","Face masks (excl. paper surgical masks - under B6)","IMPORT","QUANTITY_IN_100KG","16,574",""
"Jun. 2019","FRANCE","EU27_2020_INTRA","Face masks (excl. paper surgical masks - under B6)","IMPORT","QUANTITY_IN_100KG","15,041",""
"Feb. 2020","FRANCE","EU27_2020_INTRA","Face masks (excl. paper surgical masks - under B6)","IMPORT","QUANTITY_IN_100KG","19,827",""
"Mar. 2020","FRANCE","EU27_2020_INTRA","Face masks (excl. paper surgical masks - under B6)","IMPORT","QUANTITY_IN_100KG","21,403",""
"Apr. 2020","FRANCE","EU27_2020_INTRA","Face masks (excl. paper surgical masks - under B6)","IMPORT","QUANTITY_IN_100KG","40,798",""
"May. 2020","FRANCE","EU27_2020_INTRA","Face masks (excl. paper surgical masks - under B6)","IMPORT","QUANTITY_IN_100KG","58,431",""
"Jun. 2020","FRANCE","EU27_2020_INTRA","Face masks (excl. paper surgical masks - under B6)","IMPORT","QUANTITY_IN_100KG","30,105",""
"Feb. 2019","CROATIA","EU27_2020_INTRA","Face masks (excl. paper surgical masks - under B6)","IMPORT","QUANTITY_IN_100KG","946",""
"Mar. 2019","CROATIA","EU27_2020_INTRA","Face masks (excl. paper surgical masks - under B6)","IMPORT","QUANTITY_IN_100KG","1,240",""
"Apr. 2019","CROATIA","EU27_2020_INTRA","Face masks (excl. paper surgical masks - under B6)","IMPORT","QUANTITY_IN_100KG","925",""
"May. 2019","CROATIA","EU27_2020_INTRA","Face masks (excl. paper surgical masks - under B6)","IMPORT","QUANTITY_IN_100KG","850",""
"Jun. 2019","CROATIA","EU27_2020_INTRA","Face masks (excl. paper surgical masks - under B6)","IMPORT","QUANTITY_IN_100KG","765",""
"Feb. 2020","CROATIA","EU27_2020_INTRA","Face masks (excl. paper surgical masks - under B6)","IMPORT","QUANTITY_IN_100KG","904",""
"Mar. 2020","CROATIA","EU27_2020_INTRA","Face masks (excl. paper surgical masks - under B6)","IMPORT","QUANTITY_IN_100KG","1,150",""
"Apr. 2020","CROATIA","EU27_2020_INTRA","Face masks (excl. paper surgical masks - under B6)","IMPORT","QUANTITY_IN_100KG","1,316",""
"May. 2020","CROATIA","EU27_2020_INTRA","Face masks (excl. paper surgical masks - under B6)","IMPORT","QUANTITY_IN_100KG","1,593",""
"Jun. 2020","CROATIA","EU27_2020_INTRA","Face masks (excl. paper surgical masks - under B6)","IMPORT","QUANTITY_IN_100KG","1,192",""
"Feb. 2019","ITALY","EU27_2020_INTRA","Face masks (excl. paper surgical masks - under B6)","IMPORT","QUANTITY_IN_100KG","12,061",""
"Mar. 2019","ITALY","EU27_2020_INTRA","Face masks (excl. paper surgical masks - under B6)","IMPORT","QUANTITY_IN_100KG","11,327",""
"Apr. 2019","ITALY","EU27_2020_INTRA","Face masks (excl. paper surgical masks - under B6)","IMPORT","QUANTITY_IN_100KG","10,025",""
"May. 2019","ITALY","EU27_2020_INTRA","Face masks (excl. paper surgical masks - under B6)","IMPORT","QUANTITY_IN_100KG","9,847",""
"Jun. 2019","ITALY","EU27_2020_INTRA","Face masks (excl. paper surgical masks - under B6)","IMPORT","QUANTITY_IN_100KG","11,302",""
"Feb. 2020","ITALY","EU27_2020_INTRA","Face masks (excl. paper surgical masks - under B6)","IMPORT","QUANTITY_IN_100KG","9,334",""
"Mar. 2020","ITALY","EU27_2020_INTRA","Face masks (excl. paper surgical masks - under B6)","IMPORT","QUANTITY_IN_100KG","11,904",""
"Apr. 2020","ITALY","EU27_2020_INTRA","Face masks (excl. paper surgical masks - under B6)","IMPORT","QUANTITY_IN_100KG","19,820",""
"May. 2020","ITALY","EU27_2020_INTRA","Face masks (excl. paper surgical masks - under B6)","IMPORT","QUANTITY_IN_100KG","12,278",""
"Jun. 2020","ITALY","EU27_2020_INTRA","Face masks (excl. paper surgical masks - under B6)","IMPORT","QUANTITY_IN_100KG","13,854",""
"Feb. 2019","CYPRUS","EU27_2020_INTRA","Face masks (excl. paper surgical masks - under B6)","IMPORT","QUANTITY_IN_100KG","27",""
"Mar. 2019","CYPRUS","EU27_2020_INTRA","Face masks (excl. paper surgical masks - under B6)","IMPORT","QUANTITY_IN_100KG","3",""
"Apr. 2019","CYPRUS","EU27_2020_INTRA","Face masks (excl. paper surgical masks - under B6)","IMPORT","QUANTITY_IN_100KG","21",""
"May. 2019","CYPRUS","EU27_2020_INTRA","Face masks (excl. paper surgical masks - under B6)","IMPORT","QUANTITY_IN_100KG","3",""
"Jun. 2019","CYPRUS","EU27_2020_INTRA","Face masks (excl. paper surgical masks - under B6)","IMPORT","QUANTITY_IN_100KG","2",""
"Feb. 2020","CYPRUS","EU27_2020_INTRA","Face masks (excl. paper surgical masks - under B6)","IMPORT","QUANTITY_IN_100KG","5",""
"Mar. 2020","CYPRUS","EU27_2020_INTRA","Face masks (excl. paper surgical masks - under B6)","IMPORT","QUANTITY_IN_100KG","5",""
"Apr. 2020","CYPRUS","EU27_2020_INTRA","Face masks (excl. paper surgical masks - under B6)","IMPORT","QUANTITY_IN_100KG","18",""
"May. 2020","CYPRUS","EU27_2020_INTRA","Face masks (excl. paper surgical masks - under B6)","IMPORT","QUANTITY_IN_100KG","8",""
"Jun. 2020","CYPRUS","EU27_2020_INTRA","Face masks (excl. paper surgical masks - under B6)","IMPORT","QUANTITY_IN_100KG","8",""
"Feb. 2019","LATVIA","EU27_2020_INTRA","Face masks (excl. paper surgical masks - under B6)","IMPORT","QUANTITY_IN_100KG","444",""
"Mar. 2019","LATVIA","EU27_2020_INTRA","Face masks (excl. paper surgical masks - under B6)","IMPORT","QUANTITY_IN_100KG","625",""
"Apr. 2019","LATVIA","EU27_2020_INTRA","Face masks (excl. paper surgical masks - under B6)","IMPORT","QUANTITY_IN_100KG","457",""
"May. 2019","LATVIA","EU27_2020_INTRA","Face masks (excl. paper surgical masks - under B6)","IMPORT","QUANTITY_IN_100KG","970",""
"Jun. 2019","LATVIA","EU27_2020_INTRA","Face masks (excl. paper surgical masks - under B6)","IMPORT","QUANTITY_IN_100KG","948",""
"Feb. 2020","LATVIA","EU27_2020_INTRA","Face masks (excl. paper surgical masks - under B6)","IMPORT","QUANTITY_IN_100KG","549",""
"Mar. 2020","LATVIA","EU27_2020_INTRA","Face masks (excl. paper surgical masks - under B6)","IMPORT","QUANTITY_IN_100KG","467",""
"Apr. 2020","LATVIA","EU27_2020_INTRA","Face masks (excl. paper surgical masks - under B6)","IMPORT","QUANTITY_IN_100KG","442",""
"May. 2020","LATVIA","EU27_2020_INTRA","Face masks (excl. paper surgical masks - under B6)","IMPORT","QUANTITY_IN_100KG","302",""
"Jun. 2020","LATVIA","EU27_2020_INTRA","Face masks (excl. paper surgical masks - under B6)","IMPORT","QUANTITY_IN_100KG","858",""
"Feb. 2019","LITHUANIA","EU27_2020_INTRA","Face masks (excl. paper surgical masks - under B6)","IMPORT","QUANTITY_IN_100KG","465",""
"Mar. 2019","LITHUANIA","EU27_2020_INTRA","Face masks (excl. paper surgical masks - under B6)","IMPORT","QUANTITY_IN_100KG","716",""
"Apr. 2019","LITHUANIA","EU27_2020_INTRA","Face masks (excl. paper surgical masks - under B6)","IMPORT","QUANTITY_IN_100KG","495",""
"May. 2019","LITHUANIA","EU27_2020_INTRA","Face masks (excl. paper surgical masks - under B6)","IMPORT","QUANTITY_IN_100KG","748",""
"Jun. 2019","LITHUANIA","EU27_2020_INTRA","Face masks (excl. paper surgical masks - under B6)","IMPORT","QUANTITY_IN_100KG","581",""
"Feb. 2020","LITHUANIA","EU27_2020_INTRA","Face masks (excl. paper surgical masks - under B6)","IMPORT","QUANTITY_IN_100KG","1,271",""
"Mar. 2020","LITHUANIA","EU27_2020_INTRA","Face masks (excl. paper surgical masks - under B6)","IMPORT","QUANTITY_IN_100KG","626",""
"Apr. 2020","LITHUANIA","EU27_2020_INTRA","Face masks (excl. paper surgical masks - under B6)","IMPORT","QUANTITY_IN_100KG","986",""
"May. 2020","LITHUANIA","EU27_2020_INTRA","Face masks (excl. paper surgical masks - under B6)","IMPORT","QUANTITY_IN_100KG","1,615",""
"Jun. 2020","LITHUANIA","EU27_2020_INTRA","Face masks (excl. paper surgical masks - under B6)","IMPORT","QUANTITY_IN_100KG","762",""
"Feb. 2019","LUXEMBOURG","EU27_2020_INTRA","Face masks (excl. paper surgical masks - under B6)","IMPORT","QUANTITY_IN_100KG","452",""
"Mar. 2019","LUXEMBOURG","EU27_2020_INTRA","Face masks (excl. paper surgical masks - under B6)","IMPORT","QUANTITY_IN_100KG","580",""
"Apr. 2019","LUXEMBOURG","EU27_2020_INTRA","Face masks (excl. paper surgical masks - under B6)","IMPORT","QUANTITY_IN_100KG","569",""
"May. 2019","LUXEMBOURG","EU27_2020_INTRA","Face masks (excl. paper surgical masks - under B6)","IMPORT","QUANTITY_IN_100KG","615",""
"Jun. 2019","LUXEMBOURG","EU27_2020_INTRA","Face masks (excl. paper surgical masks - under B6)","IMPORT","QUANTITY_IN_100KG","603",""
"Feb. 2020","LUXEMBOURG","EU27_2020_INTRA","Face masks (excl. paper surgical masks - under B6)","IMPORT","QUANTITY_IN_100KG","824",""
"Mar. 2020","LUXEMBOURG","EU27_2020_INTRA","Face masks (excl. paper surgical masks - under B6)","IMPORT","QUANTITY_IN_100KG","1,159",""
"Apr. 2020","LUXEMBOURG","EU27_2020_INTRA","Face masks (excl. paper surgical masks - under B6)","IMPORT","QUANTITY_IN_100KG","1,434",""
"May. 2020","LUXEMBOURG","EU27_2020_INTRA","Face masks (excl. paper surgical masks - under B6)","IMPORT","QUANTITY_IN_100KG","1,168",""
"Jun. 2020","LUXEMBOURG","EU27_2020_INTRA","Face masks (excl. paper surgical masks - under B6)","IMPORT","QUANTITY_IN_100KG","1,226",""
"Feb. 2019","HUNGARY","EU27_2020_INTRA","Face masks (excl. paper surgical masks - under B6)","IMPORT","QUANTITY_IN_100KG","2,309",""
"Mar. 2019","HUNGARY","EU27_2020_INTRA","Face masks (excl. paper surgical masks - under B6)","IMPORT","QUANTITY_IN_100KG","2,528",""
"Apr. 2019","HUNGARY","EU27_2020_INTRA","Face masks (excl. paper surgical masks - under B6)","IMPORT","QUANTITY_IN_100KG","2,093",""
"May. 2019","HUNGARY","EU27_2020_INTRA","Face masks (excl. paper surgical masks - under B6)","IMPORT","QUANTITY_IN_100KG","1,946",""
"Jun. 2019","HUNGARY","EU27_2020_INTRA","Face masks (excl. paper surgical masks - under B6)","IMPORT","QUANTITY_IN_100KG","1,602",""
"Feb. 2020","HUNGARY","EU27_2020_INTRA","Face masks (excl. paper surgical masks - under B6)","IMPORT","QUANTITY_IN_100KG","2,527",""
"Mar. 2020","HUNGARY","EU27_2020_INTRA","Face masks (excl. paper surgical masks - under B6)","IMPORT","QUANTITY_IN_100KG","2,783",""
"Apr. 2020","HUNGARY","EU27_2020_INTRA","Face masks (excl. paper surgical masks - under B6)","IMPORT","QUANTITY_IN_100KG","2,604",""
"May. 2020","HUNGARY","EU27_2020_INTRA","Face masks (excl. paper surgical masks - under B6)","IMPORT","QUANTITY_IN_100KG","2,598",""
"Jun. 2020","HUNGARY","EU27_2020_INTRA","Face masks (excl. paper surgical masks - under B6)","IMPORT","QUANTITY_IN_100KG","2,542",""
"Feb. 2019","MALTA","EU27_2020_INTRA","Face masks (excl. paper surgical masks - under B6)","IMPORT","QUANTITY_IN_100KG","44",""
"Mar. 2019","MALTA","EU27_2020_INTRA","Face masks (excl. paper surgical masks - under B6)","IMPORT","QUANTITY_IN_100KG","65",""
"Apr. 2019","MALTA","EU27_2020_INTRA","Face masks (excl. paper surgical masks - under B6)","IMPORT","QUANTITY_IN_100KG","30",""
"May. 2019","MALTA","EU27_2020_INTRA","Face masks (excl. paper surgical masks - under B6)","IMPORT","QUANTITY_IN_100KG","28",""
"Jun. 2019","MALTA","EU27_2020_INTRA","Face masks (excl. paper surgical masks - under B6)","IMPORT","QUANTITY_IN_100KG","53",""
"Feb. 2020","MALTA","EU27_2020_INTRA","Face masks (excl. paper surgical masks - under B6)","IMPORT","QUANTITY_IN_100KG","37",""
"Mar. 2020","MALTA","EU27_2020_INTRA","Face masks (excl. paper surgical masks - under B6)","IMPORT","QUANTITY_IN_100KG","28",""
"Apr. 2020","MALTA","EU27_2020_INTRA","Face masks (excl. paper surgical masks - under B6)","IMPORT","QUANTITY_IN_100KG","83",""
"May. 2020","MALTA","EU27_2020_INTRA","Face masks (excl. paper surgical masks - under B6)","IMPORT","QUANTITY_IN_100KG","24",""
"Jun. 2020","MALTA","EU27_2020_INTRA","Face masks (excl. paper surgical masks - under B6)","IMPORT","QUANTITY_IN_100KG","44",""
"Feb. 2019","NETHERLANDS","EU27_2020_INTRA","Face masks (excl. paper surgical masks - under B6)","IMPORT","QUANTITY_IN_100KG","5,627",""
"Mar. 2019","NETHERLANDS","EU27_2020_INTRA","Face masks (excl. paper surgical masks - under B6)","IMPORT","QUANTITY_IN_100KG","5,252",""
"Apr. 2019","NETHERLANDS","EU27_2020_INTRA","Face masks (excl. paper surgical masks - under B6)","IMPORT","QUANTITY_IN_100KG","5,819",""
"May. 2019","NETHERLANDS","EU27_2020_INTRA","Face masks (excl. paper surgical masks - under B6)","IMPORT","QUANTITY_IN_100KG","6,790",""
"Jun. 2019","NETHERLANDS","EU27_2020_INTRA","Face masks (excl. paper surgical masks - under B6)","IMPORT","QUANTITY_IN_100KG","6,095",""
"Feb. 2020","NETHERLANDS","EU27_2020_INTRA","Face masks (excl. paper surgical masks - under B6)","IMPORT","QUANTITY_IN_100KG","6,621",""
"Mar. 2020","NETHERLANDS","EU27_2020_INTRA","Face masks (excl. paper surgical masks - under B6)","IMPORT","QUANTITY_IN_100KG","10,998",""
"Apr. 2020","NETHERLANDS","EU27_2020_INTRA","Face masks (excl. paper surgical masks - under B6)","IMPORT","QUANTITY_IN_100KG","8,756",""
"May. 2020","NETHERLANDS","EU27_2020_INTRA","Face masks (excl. paper surgical masks - under B6)","IMPORT","QUANTITY_IN_100KG","23,402",""
"Jun. 2020","NETHERLANDS","EU27_2020_INTRA","Face masks (excl. paper surgical masks - under B6)","IMPORT","QUANTITY_IN_100KG","9,544",""
"Feb. 2019","AUSTRIA","EU27_2020_INTRA","Face masks (excl. paper surgical masks - under B6)","IMPORT","QUANTITY_IN_100KG","8,282",""
"Mar. 2019","AUSTRIA","EU27_2020_INTRA","Face masks (excl. paper surgical masks - under B6)","IMPORT","QUANTITY_IN_100KG","5,978",""
"Apr. 2019","AUSTRIA","EU27_2020_INTRA","Face masks (excl. paper surgical masks - under B6)","IMPORT","QUANTITY_IN_100KG","5,066",""
"May. 2019","AUSTRIA","EU27_2020_INTRA","Face masks (excl. paper surgical masks - under B6)","IMPORT","QUANTITY_IN_100KG","5,032",""
"Jun. 2019","AUSTRIA","EU27_2020_INTRA","Face masks (excl. paper surgical masks - under B6)","IMPORT","QUANTITY_IN_100KG","4,287",""
"Feb. 2020","AUSTRIA","EU27_2020_INTRA","Face masks (excl. paper surgical masks - under B6)","IMPORT","QUANTITY_IN_100KG","5,774",""
"Mar. 2020","AUSTRIA","EU27_2020_INTRA","Face masks (excl. paper surgical masks - under B6)","IMPORT","QUANTITY_IN_100KG","8,843",""
"Apr. 2020","AUSTRIA","EU27_2020_INTRA","Face masks (excl. paper surgical masks - under B6)","IMPORT","QUANTITY_IN_100KG","9,210",""
"May. 2020","AUSTRIA","EU27_2020_INTRA","Face masks (excl. paper surgical masks - under B6)","IMPORT","QUANTITY_IN_100KG","15,551",""
"Jun. 2020","AUSTRIA","EU27_2020_INTRA","Face masks (excl. paper surgical masks - under B6)","IMPORT","QUANTITY_IN_100KG","8,245",""
"Feb. 2019","POLAND","EU27_2020_INTRA","Face masks (excl. paper surgical masks - under B6)","IMPORT","QUANTITY_IN_100KG","10,503",""
"Mar. 2019","POLAND","EU27_2020_INTRA","Face masks (excl. paper surgical masks - under B6)","IMPORT","QUANTITY_IN_100KG","9,770",""
"Apr. 2019","POLAND","EU27_2020_INTRA","Face masks (excl. paper surgical masks - under B6)","IMPORT","QUANTITY_IN_100KG","9,509",""
"May. 2019","POLAND","EU27_2020_INTRA","Face masks (excl. paper surgical masks - under B6)","IMPORT","QUANTITY_IN_100KG","4,911",""
"Jun. 2019","POLAND","EU27_2020_INTRA","Face masks (excl. paper surgical masks - under B6)","IMPORT","QUANTITY_IN_100KG","6,720",""
"Feb. 2020","POLAND","EU27_2020_INTRA","Face masks (excl. paper surgical masks - under B6)","IMPORT","QUANTITY_IN_100KG","9,493",""
"Mar. 2020","POLAND","EU27_2020_INTRA","Face masks (excl. paper surgical masks - under B6)","IMPORT","QUANTITY_IN_100KG","9,883",""
"Apr. 2020","POLAND","EU27_2020_INTRA","Face masks (excl. paper surgical masks - under B6)","IMPORT","QUANTITY_IN_100KG","7,723",""
"May. 2020","POLAND","EU27_2020_INTRA","Face masks (excl. paper surgical masks - under B6)","IMPORT","QUANTITY_IN_100KG","8,707",""
"Jun. 2020","POLAND","EU27_2020_INTRA","Face masks (excl. paper surgical masks - under B6)","IMPORT","QUANTITY_IN_100KG","7,659",""
"Feb. 2019","PORTUGAL","EU27_2020_INTRA","Face masks (excl. paper surgical masks - under B6)","IMPORT","QUANTITY_IN_100KG","2,068",""
"Mar. 2019","PORTUGAL","EU27_2020_INTRA","Face masks (excl. paper surgical masks - under B6)","IMPORT","QUANTITY_IN_100KG","1,616",""
"Apr. 2019","PORTUGAL","EU27_2020_INTRA","Face masks (excl. paper surgical masks - under B6)","IMPORT","QUANTITY_IN_100KG","2,063",""
"May. 2019","PORTUGAL","EU27_2020_INTRA","Face masks (excl. paper surgical masks - under B6)","IMPORT","QUANTITY_IN_100KG","2,533",""
"Jun. 2019","PORTUGAL","EU27_2020_INTRA","Face masks (excl. paper surgical masks - under B6)","IMPORT","QUANTITY_IN_100KG","2,304",""
"Feb. 2020","PORTUGAL","EU27_2020_INTRA","Face masks (excl. paper surgical masks - under B6)","IMPORT","QUANTITY_IN_100KG","2,457",""
"Mar. 2020","PORTUGAL","EU27_2020_INTRA","Face masks (excl. paper surgical masks - under B6)","IMPORT","QUANTITY_IN_100KG","1,683",""
"Apr. 2020","PORTUGAL","EU27_2020_INTRA","Face masks (excl. paper surgical masks - under B6)","IMPORT","QUANTITY_IN_100KG","2,858",""
"May. 2020","PORTUGAL","EU27_2020_INTRA","Face masks (excl. paper surgical masks - under B6)","IMPORT","QUANTITY_IN_100KG","2,972",""
"Jun. 2020","PORTUGAL","EU27_2020_INTRA","Face masks (excl. paper surgical masks - under B6)","IMPORT","QUANTITY_IN_100KG","3,913",""
"Feb. 2019","ROMANIA","EU27_2020_INTRA","Face masks (excl. paper surgical masks - under B6)","IMPORT","QUANTITY_IN_100KG","2,161",""
"Mar. 2019","ROMANIA","EU27_2020_INTRA","Face masks (excl. paper surgical masks - under B6)","IMPORT","QUANTITY_IN_100KG","2,544",""
"Apr. 2019","ROMANIA","EU27_2020_INTRA","Face masks (excl. paper surgical masks - under B6)","IMPORT","QUANTITY_IN_100KG","2,324",""
"May. 2019","ROMANIA","EU27_2020_INTRA","Face masks (excl. paper surgical masks - under B6)","IMPORT","QUANTITY_IN_100KG","2,461",""
"Jun. 2019","ROMANIA","EU27_2020_INTRA","Face masks (excl. paper surgical masks - under B6)","IMPORT","QUANTITY_IN_100KG","1,853",""
"Feb. 2020","ROMANIA","EU27_2020_INTRA","Face masks (excl. paper surgical masks - under B6)","IMPORT","QUANTITY_IN_100KG","2,493",""
"Mar. 2020","ROMANIA","EU27_2020_INTRA","Face masks (excl. paper surgical masks - under B6)","IMPORT","QUANTITY_IN_100KG","2,549",""
"Apr. 2020","ROMANIA","EU27_2020_INTRA","Face masks (excl. paper surgical masks - under B6)","IMPORT","QUANTITY_IN_100KG","2,839",""
"May. 2020","ROMANIA","EU27_2020_INTRA","Face masks (excl. paper surgical masks - under B6)","IMPORT","QUANTITY_IN_100KG","2,139",""
"Jun. 2020","ROMANIA","EU27_2020_INTRA","Face masks (excl. paper surgical masks - under B6)","IMPORT","QUANTITY_IN_100KG","3,320",""
"Feb. 2019","SLOVENIA","EU27_2020_INTRA","Face masks (excl. paper surgical masks - under B6)","IMPORT","QUANTITY_IN_100KG","617",""
"Mar. 2019","SLOVENIA","EU27_2020_INTRA","Face masks (excl. paper surgical masks - under B6)","IMPORT","QUANTITY_IN_100KG","722",""
"Apr. 2019","SLOVENIA","EU27_2020_INTRA","Face masks (excl. paper surgical masks - under B6)","IMPORT","QUANTITY_IN_100KG","573",""
"May. 2019","SLOVENIA","EU27_2020_INTRA","Face masks (excl. paper surgical masks - under B6)","IMPORT","QUANTITY_IN_100KG","603",""
"Jun. 2019","SLOVENIA","EU27_2020_INTRA","Face masks (excl. paper surgical masks - under B6)","IMPORT","QUANTITY_IN_100KG","540",""
"Feb. 2020","SLOVENIA","EU27_2020_INTRA","Face masks (excl. paper surgical masks - under B6)","IMPORT","QUANTITY_IN_100KG","883",""
"Mar. 2020","SLOVENIA","EU27_2020_INTRA","Face masks (excl. paper surgical masks - under B6)","IMPORT","QUANTITY_IN_100KG","905",""
"Apr. 2020","SLOVENIA","EU27_2020_INTRA","Face masks (excl. paper surgical masks - under B6)","IMPORT","QUANTITY_IN_100KG","1,418",""
"May. 2020","SLOVENIA","EU27_2020_INTRA","Face masks (excl. paper surgical masks - under B6)","IMPORT","QUANTITY_IN_100KG","888",""
"Jun. 2020","SLOVENIA","EU27_2020_INTRA","Face masks (excl. paper surgical masks - under B6)","IMPORT","QUANTITY_IN_100KG","1,061",""
"Feb. 2019","SLOVAKIA","EU27_2020_INTRA","Face masks (excl. paper surgical masks - under B6)","IMPORT","QUANTITY_IN_100KG","2,043",""
"Mar. 2019","SLOVAKIA","EU27_2020_INTRA","Face masks (excl. paper surgical masks - under B6)","IMPORT","QUANTITY_IN_100KG","2,180",""
"Apr. 2019","SLOVAKIA","EU27_2020_INTRA","Face masks (excl. paper surgical masks - under B6)","IMPORT","QUANTITY_IN_100KG","1,736",""
"May. 2019","SLOVAKIA","EU27_2020_INTRA","Face masks (excl. paper surgical masks - under B6)","IMPORT","QUANTITY_IN_100KG","1,829",""
"Jun. 2019","SLOVAKIA","EU27_2020_INTRA","Face masks (excl. paper surgical masks - under B6)","IMPORT","QUANTITY_IN_100KG","1,596",""
"Feb. 2020","SLOVAKIA","EU27_2020_INTRA","Face masks (excl. paper surgical masks - under B6)","IMPORT","QUANTITY_IN_100KG","1,817",""
"Mar. 2020","SLOVAKIA","EU27_2020_INTRA","Face masks (excl. paper surgical masks - under B6)","IMPORT","QUANTITY_IN_100KG","1,982",""
"Apr. 2020","SLOVAKIA","EU27_2020_INTRA","Face masks (excl. paper surgical masks - under B6)","IMPORT","QUANTITY_IN_100KG","1,441",""
"May. 2020","SLOVAKIA","EU27_2020_INTRA","Face masks (excl. paper surgical masks - under B6)","IMPORT","QUANTITY_IN_100KG","1,656",""
"Jun. 2020","SLOVAKIA","EU27_2020_INTRA","Face masks (excl. paper surgical masks - under B6)","IMPORT","QUANTITY_IN_100KG","2,041",""
"Feb. 2019","FINLAND","EU27_2020_INTRA","Face masks (excl. paper surgical masks - under B6)","IMPORT","QUANTITY_IN_100KG","1,494",""
"Mar. 2019","FINLAND","EU27_2020_INTRA","Face masks (excl. paper surgical masks - under B6)","IMPORT","QUANTITY_IN_100KG","1,555",""
"Apr. 2019","FINLAND","EU27_2020_INTRA","Face masks (excl. paper surgical masks - under B6)","IMPORT","QUANTITY_IN_100KG","1,519",""
"May. 2019","FINLAND","EU27_2020_INTRA","Face masks (excl. paper surgical masks - under B6)","IMPORT","QUANTITY_IN_100KG","1,504",""
"Jun. 2019","FINLAND","EU27_2020_INTRA","Face masks (excl. paper surgical masks - under B6)","IMPORT","QUANTITY_IN_100KG","1,700",""
"Feb. 2020","FINLAND","EU27_2020_INTRA","Face masks (excl. paper surgical masks - under B6)","IMPORT","QUANTITY_IN_100KG","1,452",""
"Mar. 2020","FINLAND","EU27_2020_INTRA","Face masks (excl. paper surgical masks - under B6)","IMPORT","QUANTITY_IN_100KG","1,701",""
"Apr. 2020","FINLAND","EU27_2020_INTRA","Face masks (excl. paper surgical masks - under B6)","IMPORT","QUANTITY_IN_100KG","2,063",""
"May. 2020","FINLAND","EU27_2020_INTRA","Face masks (excl. paper surgical masks - under B6)","IMPORT","QUANTITY_IN_100KG","1,981",""
"Jun. 2020","FINLAND","EU27_2020_INTRA","Face masks (excl. paper surgical masks - under B6)","IMPORT","QUANTITY_IN_100KG","3,085",""
"Feb. 2019","SWEDEN","EU27_2020_INTRA","Face masks (excl. paper surgical masks - under B6)","IMPORT","QUANTITY_IN_100KG","2,590",""
"Mar. 2019","SWEDEN","EU27_2020_INTRA","Face masks (excl. paper surgical masks - under B6)","IMPORT","QUANTITY_IN_100KG","2,887",""
"Apr. 2019","SWEDEN","EU27_2020_INTRA","Face masks (excl. paper surgical masks - under B6)","IMPORT","QUANTITY_IN_100KG","2,886",""
"May. 2019","SWEDEN","EU27_2020_INTRA","Face masks (excl. paper surgical masks - under B6)","IMPORT","QUANTITY_IN_100KG","3,000",""
"Jun. 2019","SWEDEN","EU27_2020_INTRA","Face masks (excl. paper surgical masks - under B6)","IMPORT","QUANTITY_IN_100KG","2,841",""
"Feb. 2020","SWEDEN","EU27_2020_INTRA","Face masks (excl. paper surgical masks - under B6)","IMPORT","QUANTITY_IN_100KG","3,363",""
"Mar. 2020","SWEDEN","EU27_2020_INTRA","Face masks (excl. paper surgical masks - under B6)","IMPORT","QUANTITY_IN_100KG","2,543",""
"Apr. 2020","SWEDEN","EU27_2020_INTRA","Face masks (excl. paper surgical masks - under B6)","IMPORT","QUANTITY_IN_100KG","2,891",""
"May. 2020","SWEDEN","EU27_2020_INTRA","Face masks (excl. paper surgical masks - under B6)","IMPORT","QUANTITY_IN_100KG","3,929",""
"Jun. 2020","SWEDEN","EU27_2020_INTRA","Face masks (excl. paper surgical masks - under B6)","IMPORT","QUANTITY_IN_100KG","3,223",""
"Feb. 2019","GREECE","EU27_2020_INTRA","Face masks (excl. paper surgical masks - under B6)","IMPORT","QUANTITY_IN_100KG","460",""
"Mar. 2019","GREECE","EU27_2020_INTRA","Face masks (excl. paper surgical masks - under B6)","IMPORT","QUANTITY_IN_100KG","481",""
"Apr. 2019","GREECE","EU27_2020_INTRA","Face masks (excl. paper surgical masks - under B6)","IMPORT","QUANTITY_IN_100KG","448",""
"May. 2019","GREECE","EU27_2020_INTRA","Face masks (excl. paper surgical masks - under B6)","IMPORT","QUANTITY_IN_100KG","555",""
"Jun. 2019","GREECE","EU27_2020_INTRA","Face masks (excl. paper surgical masks - under B6)","IMPORT","QUANTITY_IN_100KG","578",""
"Feb. 2020","GREECE","EU27_2020_INTRA","Face masks (excl. paper surgical masks - under B6)","IMPORT","QUANTITY_IN_100KG","715",""
"Mar. 2020","GREECE","EU27_2020_INTRA","Face masks (excl. paper surgical masks - under B6)","IMPORT","QUANTITY_IN_100KG","931",""
"Apr. 2020","GREECE","EU27_2020_INTRA","Face masks (excl. paper surgical masks - under B6)","IMPORT","QUANTITY_IN_100KG","582",""
"May. 2020","GREECE","EU27_2020_INTRA","Face masks (excl. paper surgical masks - under B6)","IMPORT","QUANTITY_IN_100KG","863",""
"Jun. 2020","GREECE","EU27_2020_INTRA","Face masks (excl. paper surgical masks - under B6)","IMPORT","QUANTITY_IN_100KG","1,475",""
