"PERIOD","REPORTER","PARTNER","PRODUCT","FLOW","INDICATORS","Value","Flag and Footnotes"
"Feb. 2019","EU27_2020 (AT, BE, BG, CY, CZ, DE, DK, EE, ES, FI, FR, GR, HR,HU, IE, IT, LT, LU, LV, MT, NL, PL, PT, RO, SE, SI, SK)","ET","Face masks (excl. paper surgical masks - under B6)","IMPORT","VALUE_IN_EUROS","104",""
"Mar. 2019","EU27_2020 (AT, BE, BG, CY, CZ, DE, DK, EE, ES, FI, FR, GR, HR,HU, IE, IT, LT, LU, LV, MT, NL, PL, PT, RO, SE, SI, SK)","ET","Face masks (excl. paper surgical masks - under B6)","IMPORT","VALUE_IN_EUROS","59",""
"Apr. 2019","EU27_2020 (AT, BE, BG, CY, CZ, DE, DK, EE, ES, FI, FR, GR, HR,HU, IE, IT, LT, LU, LV, MT, NL, PL, PT, RO, SE, SI, SK)","ET","Face masks (excl. paper surgical masks - under B6)","IMPORT","VALUE_IN_EUROS","135",""
"May. 2019","EU27_2020 (AT, BE, BG, CY, CZ, DE, DK, EE, ES, FI, FR, GR, HR,HU, IE, IT, LT, LU, LV, MT, NL, PL, PT, RO, SE, SI, SK)","ET","Face masks (excl. paper surgical masks - under B6)","IMPORT","VALUE_IN_EUROS","332",""
"Jun. 2019","EU27_2020 (AT, BE, BG, CY, CZ, DE, DK, EE, ES, FI, FR, GR, HR,HU, IE, IT, LT, LU, LV, MT, NL, PL, PT, RO, SE, SI, SK)","ET","Face masks (excl. paper surgical masks - under B6)","IMPORT","VALUE_IN_EUROS","158",""
"Feb. 2020","EU27_2020 (AT, BE, BG, CY, CZ, DE, DK, EE, ES, FI, FR, GR, HR,HU, IE, IT, LT, LU, LV, MT, NL, PL, PT, RO, SE, SI, SK)","ET","Face masks (excl. paper surgical masks - under B6)","IMPORT","VALUE_IN_EUROS","763",""
"Mar. 2020","EU27_2020 (AT, BE, BG, CY, CZ, DE, DK, EE, ES, FI, FR, GR, HR,HU, IE, IT, LT, LU, LV, MT, NL, PL, PT, RO, SE, SI, SK)","ET","Face masks (excl. paper surgical masks - under B6)","IMPORT","VALUE_IN_EUROS","1,514",""
"Apr. 2020","EU27_2020 (AT, BE, BG, CY, CZ, DE, DK, EE, ES, FI, FR, GR, HR,HU, IE, IT, LT, LU, LV, MT, NL, PL, PT, RO, SE, SI, SK)","ET","Face masks (excl. paper surgical masks - under B6)","IMPORT","VALUE_IN_EUROS","72",""
"May. 2020","EU27_2020 (AT, BE, BG, CY, CZ, DE, DK, EE, ES, FI, FR, GR, HR,HU, IE, IT, LT, LU, LV, MT, NL, PL, PT, RO, SE, SI, SK)","ET","Face masks (excl. paper surgical masks - under B6)","IMPORT","VALUE_IN_EUROS","55",""
"Jun. 2020","EU27_2020 (AT, BE, BG, CY, CZ, DE, DK, EE, ES, FI, FR, GR, HR,HU, IE, IT, LT, LU, LV, MT, NL, PL, PT, RO, SE, SI, SK)","ET","Face masks (excl. paper surgical masks - under B6)","IMPORT","VALUE_IN_EUROS","207",""
"Feb. 2019","BELGIUM (and LUXBG -> 1998)","ET","Face masks (excl. paper surgical masks - under B6)","IMPORT","VALUE_IN_EUROS",":",""
"Mar. 2019","BELGIUM (and LUXBG -> 1998)","ET","Face masks (excl. paper surgical masks - under B6)","IMPORT","VALUE_IN_EUROS",":",""
"Apr. 2019","BELGIUM (and LUXBG -> 1998)","ET","Face masks (excl. paper surgical masks - under B6)","IMPORT","VALUE_IN_EUROS",":",""
"May. 2019","BELGIUM (and LUXBG -> 1998)","ET","Face masks (excl. paper surgical masks - under B6)","IMPORT","VALUE_IN_EUROS",":",""
"Jun. 2019","BELGIUM (and LUXBG -> 1998)","ET","Face masks (excl. paper surgical masks - under B6)","IMPORT","VALUE_IN_EUROS",":",""
"Feb. 2020","BELGIUM (and LUXBG -> 1998)","ET","Face masks (excl. paper surgical masks - under B6)","IMPORT","VALUE_IN_EUROS",":",""
"Mar. 2020","BELGIUM (and LUXBG -> 1998)","ET","Face masks (excl. paper surgical masks - under B6)","IMPORT","VALUE_IN_EUROS",":",""
"Apr. 2020","BELGIUM (and LUXBG -> 1998)","ET","Face masks (excl. paper surgical masks - under B6)","IMPORT","VALUE_IN_EUROS",":",""
"May. 2020","BELGIUM (and LUXBG -> 1998)","ET","Face masks (excl. paper surgical masks - under B6)","IMPORT","VALUE_IN_EUROS",":",""
"Jun. 2020","BELGIUM (and LUXBG -> 1998)","ET","Face masks (excl. paper surgical masks - under B6)","IMPORT","VALUE_IN_EUROS",":",""
"Feb. 2019","BULGARIA","ET","Face masks (excl. paper surgical masks - under B6)","IMPORT","VALUE_IN_EUROS",":",""
"Mar. 2019","BULGARIA","ET","Face masks (excl. paper surgical masks - under B6)","IMPORT","VALUE_IN_EUROS",":",""
"Apr. 2019","BULGARIA","ET","Face masks (excl. paper surgical masks - under B6)","IMPORT","VALUE_IN_EUROS",":",""
"May. 2019","BULGARIA","ET","Face masks (excl. paper surgical masks - under B6)","IMPORT","VALUE_IN_EUROS",":",""
"Jun. 2019","BULGARIA","ET","Face masks (excl. paper surgical masks - under B6)","IMPORT","VALUE_IN_EUROS",":",""
"Feb. 2020","BULGARIA","ET","Face masks (excl. paper surgical masks - under B6)","IMPORT","VALUE_IN_EUROS",":",""
"Mar. 2020","BULGARIA","ET","Face masks (excl. paper surgical masks - under B6)","IMPORT","VALUE_IN_EUROS",":",""
"Apr. 2020","BULGARIA","ET","Face masks (excl. paper surgical masks - under B6)","IMPORT","VALUE_IN_EUROS",":",""
"May. 2020","BULGARIA","ET","Face masks (excl. paper surgical masks - under B6)","IMPORT","VALUE_IN_EUROS",":",""
"Jun. 2020","BULGARIA","ET","Face masks (excl. paper surgical masks - under B6)","IMPORT","VALUE_IN_EUROS",":",""
"Feb. 2019","CZECHIA (CS->1992)","ET","Face masks (excl. paper surgical masks - under B6)","IMPORT","VALUE_IN_EUROS",":",""
"Mar. 2019","CZECHIA (CS->1992)","ET","Face masks (excl. paper surgical masks - under B6)","IMPORT","VALUE_IN_EUROS",":",""
"Apr. 2019","CZECHIA (CS->1992)","ET","Face masks (excl. paper surgical masks - under B6)","IMPORT","VALUE_IN_EUROS",":",""
"May. 2019","CZECHIA (CS->1992)","ET","Face masks (excl. paper surgical masks - under B6)","IMPORT","VALUE_IN_EUROS",":",""
"Jun. 2019","CZECHIA (CS->1992)","ET","Face masks (excl. paper surgical masks - under B6)","IMPORT","VALUE_IN_EUROS",":",""
"Feb. 2020","CZECHIA (CS->1992)","ET","Face masks (excl. paper surgical masks - under B6)","IMPORT","VALUE_IN_EUROS","740",""
"Mar. 2020","CZECHIA (CS->1992)","ET","Face masks (excl. paper surgical masks - under B6)","IMPORT","VALUE_IN_EUROS","1,381",""
"Apr. 2020","CZECHIA (CS->1992)","ET","Face masks (excl. paper surgical masks - under B6)","IMPORT","VALUE_IN_EUROS",":",""
"May. 2020","CZECHIA (CS->1992)","ET","Face masks (excl. paper surgical masks - under B6)","IMPORT","VALUE_IN_EUROS",":",""
"Jun. 2020","CZECHIA (CS->1992)","ET","Face masks (excl. paper surgical masks - under B6)","IMPORT","VALUE_IN_EUROS",":",""
"Feb. 2019","DENMARK","ET","Face masks (excl. paper surgical masks - under B6)","IMPORT","VALUE_IN_EUROS",":",""
"Mar. 2019","DENMARK","ET","Face masks (excl. paper surgical masks - under B6)","IMPORT","VALUE_IN_EUROS",":",""
"Apr. 2019","DENMARK","ET","Face masks (excl. paper surgical masks - under B6)","IMPORT","VALUE_IN_EUROS",":",""
"May. 2019","DENMARK","ET","Face masks (excl. paper surgical masks - under B6)","IMPORT","VALUE_IN_EUROS",":",""
"Jun. 2019","DENMARK","ET","Face masks (excl. paper surgical masks - under B6)","IMPORT","VALUE_IN_EUROS",":",""
"Feb. 2020","DENMARK","ET","Face masks (excl. paper surgical masks - under B6)","IMPORT","VALUE_IN_EUROS",":",""
"Mar. 2020","DENMARK","ET","Face masks (excl. paper surgical masks - under B6)","IMPORT","VALUE_IN_EUROS",":",""
"Apr. 2020","DENMARK","ET","Face masks (excl. paper surgical masks - under B6)","IMPORT","VALUE_IN_EUROS",":",""
"May. 2020","DENMARK","ET","Face masks (excl. paper surgical masks - under B6)","IMPORT","VALUE_IN_EUROS",":",""
"Jun. 2020","DENMARK","ET","Face masks (excl. paper surgical masks - under B6)","IMPORT","VALUE_IN_EUROS",":",""
"Feb. 2019","GERMANY (incl DD from 1991)","ET","Face masks (excl. paper surgical masks - under B6)","IMPORT","VALUE_IN_EUROS",":",""
"Mar. 2019","GERMANY (incl DD from 1991)","ET","Face masks (excl. paper surgical masks - under B6)","IMPORT","VALUE_IN_EUROS",":",""
"Apr. 2019","GERMANY (incl DD from 1991)","ET","Face masks (excl. paper surgical masks - under B6)","IMPORT","VALUE_IN_EUROS",":",""
"May. 2019","GERMANY (incl DD from 1991)","ET","Face masks (excl. paper surgical masks - under B6)","IMPORT","VALUE_IN_EUROS",":",""
"Jun. 2019","GERMANY (incl DD from 1991)","ET","Face masks (excl. paper surgical masks - under B6)","IMPORT","VALUE_IN_EUROS",":",""
"Feb. 2020","GERMANY (incl DD from 1991)","ET","Face masks (excl. paper surgical masks - under B6)","IMPORT","VALUE_IN_EUROS",":",""
"Mar. 2020","GERMANY (incl DD from 1991)","ET","Face masks (excl. paper surgical masks - under B6)","IMPORT","VALUE_IN_EUROS",":",""
"Apr. 2020","GERMANY (incl DD from 1991)","ET","Face masks (excl. paper surgical masks - under B6)","IMPORT","VALUE_IN_EUROS","6",""
"May. 2020","GERMANY (incl DD from 1991)","ET","Face masks (excl. paper surgical masks - under B6)","IMPORT","VALUE_IN_EUROS","8",""
"Jun. 2020","GERMANY (incl DD from 1991)","ET","Face masks (excl. paper surgical masks - under B6)","IMPORT","VALUE_IN_EUROS","9",""
"Feb. 2019","ESTONIA","ET","Face masks (excl. paper surgical masks - under B6)","IMPORT","VALUE_IN_EUROS",":",""
"Mar. 2019","ESTONIA","ET","Face masks (excl. paper surgical masks - under B6)","IMPORT","VALUE_IN_EUROS",":",""
"Apr. 2019","ESTONIA","ET","Face masks (excl. paper surgical masks - under B6)","IMPORT","VALUE_IN_EUROS",":",""
"May. 2019","ESTONIA","ET","Face masks (excl. paper surgical masks - under B6)","IMPORT","VALUE_IN_EUROS",":",""
"Jun. 2019","ESTONIA","ET","Face masks (excl. paper surgical masks - under B6)","IMPORT","VALUE_IN_EUROS",":",""
"Feb. 2020","ESTONIA","ET","Face masks (excl. paper surgical masks - under B6)","IMPORT","VALUE_IN_EUROS",":",""
"Mar. 2020","ESTONIA","ET","Face masks (excl. paper surgical masks - under B6)","IMPORT","VALUE_IN_EUROS",":",""
"Apr. 2020","ESTONIA","ET","Face masks (excl. paper surgical masks - under B6)","IMPORT","VALUE_IN_EUROS",":",""
"May. 2020","ESTONIA","ET","Face masks (excl. paper surgical masks - under B6)","IMPORT","VALUE_IN_EUROS",":",""
"Jun. 2020","ESTONIA","ET","Face masks (excl. paper surgical masks - under B6)","IMPORT","VALUE_IN_EUROS",":",""
"Feb. 2019","IRELAND","ET","Face masks (excl. paper surgical masks - under B6)","IMPORT","VALUE_IN_EUROS",":",""
"Mar. 2019","IRELAND","ET","Face masks (excl. paper surgical masks - under B6)","IMPORT","VALUE_IN_EUROS",":",""
"Apr. 2019","IRELAND","ET","Face masks (excl. paper surgical masks - under B6)","IMPORT","VALUE_IN_EUROS",":",""
"May. 2019","IRELAND","ET","Face masks (excl. paper surgical masks - under B6)","IMPORT","VALUE_IN_EUROS",":",""
"Jun. 2019","IRELAND","ET","Face masks (excl. paper surgical masks - under B6)","IMPORT","VALUE_IN_EUROS",":",""
"Feb. 2020","IRELAND","ET","Face masks (excl. paper surgical masks - under B6)","IMPORT","VALUE_IN_EUROS",":",""
"Mar. 2020","IRELAND","ET","Face masks (excl. paper surgical masks - under B6)","IMPORT","VALUE_IN_EUROS",":",""
"Apr. 2020","IRELAND","ET","Face masks (excl. paper surgical masks - under B6)","IMPORT","VALUE_IN_EUROS",":",""
"May. 2020","IRELAND","ET","Face masks (excl. paper surgical masks - under B6)","IMPORT","VALUE_IN_EUROS",":",""
"Jun. 2020","IRELAND","ET","Face masks (excl. paper surgical masks - under B6)","IMPORT","VALUE_IN_EUROS",":",""
"Feb. 2019","SPAIN","ET","Face masks (excl. paper surgical masks - under B6)","IMPORT","VALUE_IN_EUROS",":",""
"Mar. 2019","SPAIN","ET","Face masks (excl. paper surgical masks - under B6)","IMPORT","VALUE_IN_EUROS",":",""
"Apr. 2019","SPAIN","ET","Face masks (excl. paper surgical masks - under B6)","IMPORT","VALUE_IN_EUROS",":",""
"May. 2019","SPAIN","ET","Face masks (excl. paper surgical masks - under B6)","IMPORT","VALUE_IN_EUROS",":",""
"Jun. 2019","SPAIN","ET","Face masks (excl. paper surgical masks - under B6)","IMPORT","VALUE_IN_EUROS",":",""
"Feb. 2020","SPAIN","ET","Face masks (excl. paper surgical masks - under B6)","IMPORT","VALUE_IN_EUROS",":",""
"Mar. 2020","SPAIN","ET","Face masks (excl. paper surgical masks - under B6)","IMPORT","VALUE_IN_EUROS",":",""
"Apr. 2020","SPAIN","ET","Face masks (excl. paper surgical masks - under B6)","IMPORT","VALUE_IN_EUROS",":",""
"May. 2020","SPAIN","ET","Face masks (excl. paper surgical masks - under B6)","IMPORT","VALUE_IN_EUROS",":",""
"Jun. 2020","SPAIN","ET","Face masks (excl. paper surgical masks - under B6)","IMPORT","VALUE_IN_EUROS",":",""
"Feb. 2019","FRANCE","ET","Face masks (excl. paper surgical masks - under B6)","IMPORT","VALUE_IN_EUROS",":",""
"Mar. 2019","FRANCE","ET","Face masks (excl. paper surgical masks - under B6)","IMPORT","VALUE_IN_EUROS",":",""
"Apr. 2019","FRANCE","ET","Face masks (excl. paper surgical masks - under B6)","IMPORT","VALUE_IN_EUROS",":",""
"May. 2019","FRANCE","ET","Face masks (excl. paper surgical masks - under B6)","IMPORT","VALUE_IN_EUROS",":",""
"Jun. 2019","FRANCE","ET","Face masks (excl. paper surgical masks - under B6)","IMPORT","VALUE_IN_EUROS",":",""
"Feb. 2020","FRANCE","ET","Face masks (excl. paper surgical masks - under B6)","IMPORT","VALUE_IN_EUROS",":",""
"Mar. 2020","FRANCE","ET","Face masks (excl. paper surgical masks - under B6)","IMPORT","VALUE_IN_EUROS",":",""
"Apr. 2020","FRANCE","ET","Face masks (excl. paper surgical masks - under B6)","IMPORT","VALUE_IN_EUROS",":",""
"May. 2020","FRANCE","ET","Face masks (excl. paper surgical masks - under B6)","IMPORT","VALUE_IN_EUROS",":",""
"Jun. 2020","FRANCE","ET","Face masks (excl. paper surgical masks - under B6)","IMPORT","VALUE_IN_EUROS",":",""
"Feb. 2019","CROATIA","ET","Face masks (excl. paper surgical masks - under B6)","IMPORT","VALUE_IN_EUROS",":",""
"Mar. 2019","CROATIA","ET","Face masks (excl. paper surgical masks - under B6)","IMPORT","VALUE_IN_EUROS",":",""
"Apr. 2019","CROATIA","ET","Face masks (excl. paper surgical masks - under B6)","IMPORT","VALUE_IN_EUROS",":",""
"May. 2019","CROATIA","ET","Face masks (excl. paper surgical masks - under B6)","IMPORT","VALUE_IN_EUROS",":",""
"Jun. 2019","CROATIA","ET","Face masks (excl. paper surgical masks - under B6)","IMPORT","VALUE_IN_EUROS",":",""
"Feb. 2020","CROATIA","ET","Face masks (excl. paper surgical masks - under B6)","IMPORT","VALUE_IN_EUROS",":",""
"Mar. 2020","CROATIA","ET","Face masks (excl. paper surgical masks - under B6)","IMPORT","VALUE_IN_EUROS",":",""
"Apr. 2020","CROATIA","ET","Face masks (excl. paper surgical masks - under B6)","IMPORT","VALUE_IN_EUROS",":",""
"May. 2020","CROATIA","ET","Face masks (excl. paper surgical masks - under B6)","IMPORT","VALUE_IN_EUROS",":",""
"Jun. 2020","CROATIA","ET","Face masks (excl. paper surgical masks - under B6)","IMPORT","VALUE_IN_EUROS",":",""
"Feb. 2019","ITALY","ET","Face masks (excl. paper surgical masks - under B6)","IMPORT","VALUE_IN_EUROS",":",""
"Mar. 2019","ITALY","ET","Face masks (excl. paper surgical masks - under B6)","IMPORT","VALUE_IN_EUROS",":",""
"Apr. 2019","ITALY","ET","Face masks (excl. paper surgical masks - under B6)","IMPORT","VALUE_IN_EUROS",":",""
"May. 2019","ITALY","ET","Face masks (excl. paper surgical masks - under B6)","IMPORT","VALUE_IN_EUROS",":",""
"Jun. 2019","ITALY","ET","Face masks (excl. paper surgical masks - under B6)","IMPORT","VALUE_IN_EUROS",":",""
"Feb. 2020","ITALY","ET","Face masks (excl. paper surgical masks - under B6)","IMPORT","VALUE_IN_EUROS",":",""
"Mar. 2020","ITALY","ET","Face masks (excl. paper surgical masks - under B6)","IMPORT","VALUE_IN_EUROS",":",""
"Apr. 2020","ITALY","ET","Face masks (excl. paper surgical masks - under B6)","IMPORT","VALUE_IN_EUROS",":",""
"May. 2020","ITALY","ET","Face masks (excl. paper surgical masks - under B6)","IMPORT","VALUE_IN_EUROS",":",""
"Jun. 2020","ITALY","ET","Face masks (excl. paper surgical masks - under B6)","IMPORT","VALUE_IN_EUROS",":",""
"Feb. 2019","CYPRUS","ET","Face masks (excl. paper surgical masks - under B6)","IMPORT","VALUE_IN_EUROS",":",""
"Mar. 2019","CYPRUS","ET","Face masks (excl. paper surgical masks - under B6)","IMPORT","VALUE_IN_EUROS",":",""
"Apr. 2019","CYPRUS","ET","Face masks (excl. paper surgical masks - under B6)","IMPORT","VALUE_IN_EUROS",":",""
"May. 2019","CYPRUS","ET","Face masks (excl. paper surgical masks - under B6)","IMPORT","VALUE_IN_EUROS",":",""
"Jun. 2019","CYPRUS","ET","Face masks (excl. paper surgical masks - under B6)","IMPORT","VALUE_IN_EUROS",":",""
"Feb. 2020","CYPRUS","ET","Face masks (excl. paper surgical masks - under B6)","IMPORT","VALUE_IN_EUROS",":",""
"Mar. 2020","CYPRUS","ET","Face masks (excl. paper surgical masks - under B6)","IMPORT","VALUE_IN_EUROS",":",""
"Apr. 2020","CYPRUS","ET","Face masks (excl. paper surgical masks - under B6)","IMPORT","VALUE_IN_EUROS",":",""
"May. 2020","CYPRUS","ET","Face masks (excl. paper surgical masks - under B6)","IMPORT","VALUE_IN_EUROS",":",""
"Jun. 2020","CYPRUS","ET","Face masks (excl. paper surgical masks - under B6)","IMPORT","VALUE_IN_EUROS",":",""
"Feb. 2019","LATVIA","ET","Face masks (excl. paper surgical masks - under B6)","IMPORT","VALUE_IN_EUROS",":",""
"Mar. 2019","LATVIA","ET","Face masks (excl. paper surgical masks - under B6)","IMPORT","VALUE_IN_EUROS",":",""
"Apr. 2019","LATVIA","ET","Face masks (excl. paper surgical masks - under B6)","IMPORT","VALUE_IN_EUROS",":",""
"May. 2019","LATVIA","ET","Face masks (excl. paper surgical masks - under B6)","IMPORT","VALUE_IN_EUROS",":",""
"Jun. 2019","LATVIA","ET","Face masks (excl. paper surgical masks - under B6)","IMPORT","VALUE_IN_EUROS",":",""
"Feb. 2020","LATVIA","ET","Face masks (excl. paper surgical masks - under B6)","IMPORT","VALUE_IN_EUROS",":",""
"Mar. 2020","LATVIA","ET","Face masks (excl. paper surgical masks - under B6)","IMPORT","VALUE_IN_EUROS",":",""
"Apr. 2020","LATVIA","ET","Face masks (excl. paper surgical masks - under B6)","IMPORT","VALUE_IN_EUROS",":",""
"May. 2020","LATVIA","ET","Face masks (excl. paper surgical masks - under B6)","IMPORT","VALUE_IN_EUROS",":",""
"Jun. 2020","LATVIA","ET","Face masks (excl. paper surgical masks - under B6)","IMPORT","VALUE_IN_EUROS",":",""
"Feb. 2019","LITHUANIA","ET","Face masks (excl. paper surgical masks - under B6)","IMPORT","VALUE_IN_EUROS",":",""
"Mar. 2019","LITHUANIA","ET","Face masks (excl. paper surgical masks - under B6)","IMPORT","VALUE_IN_EUROS",":",""
"Apr. 2019","LITHUANIA","ET","Face masks (excl. paper surgical masks - under B6)","IMPORT","VALUE_IN_EUROS",":",""
"May. 2019","LITHUANIA","ET","Face masks (excl. paper surgical masks - under B6)","IMPORT","VALUE_IN_EUROS",":",""
"Jun. 2019","LITHUANIA","ET","Face masks (excl. paper surgical masks - under B6)","IMPORT","VALUE_IN_EUROS",":",""
"Feb. 2020","LITHUANIA","ET","Face masks (excl. paper surgical masks - under B6)","IMPORT","VALUE_IN_EUROS",":",""
"Mar. 2020","LITHUANIA","ET","Face masks (excl. paper surgical masks - under B6)","IMPORT","VALUE_IN_EUROS",":",""
"Apr. 2020","LITHUANIA","ET","Face masks (excl. paper surgical masks - under B6)","IMPORT","VALUE_IN_EUROS",":",""
"May. 2020","LITHUANIA","ET","Face masks (excl. paper surgical masks - under B6)","IMPORT","VALUE_IN_EUROS",":",""
"Jun. 2020","LITHUANIA","ET","Face masks (excl. paper surgical masks - under B6)","IMPORT","VALUE_IN_EUROS",":",""
"Feb. 2019","LUXEMBOURG","ET","Face masks (excl. paper surgical masks - under B6)","IMPORT","VALUE_IN_EUROS",":",""
"Mar. 2019","LUXEMBOURG","ET","Face masks (excl. paper surgical masks - under B6)","IMPORT","VALUE_IN_EUROS",":",""
"Apr. 2019","LUXEMBOURG","ET","Face masks (excl. paper surgical masks - under B6)","IMPORT","VALUE_IN_EUROS",":",""
"May. 2019","LUXEMBOURG","ET","Face masks (excl. paper surgical masks - under B6)","IMPORT","VALUE_IN_EUROS",":",""
"Jun. 2019","LUXEMBOURG","ET","Face masks (excl. paper surgical masks - under B6)","IMPORT","VALUE_IN_EUROS",":",""
"Feb. 2020","LUXEMBOURG","ET","Face masks (excl. paper surgical masks - under B6)","IMPORT","VALUE_IN_EUROS",":",""
"Mar. 2020","LUXEMBOURG","ET","Face masks (excl. paper surgical masks - under B6)","IMPORT","VALUE_IN_EUROS",":",""
"Apr. 2020","LUXEMBOURG","ET","Face masks (excl. paper surgical masks - under B6)","IMPORT","VALUE_IN_EUROS",":",""
"May. 2020","LUXEMBOURG","ET","Face masks (excl. paper surgical masks - under B6)","IMPORT","VALUE_IN_EUROS",":",""
"Jun. 2020","LUXEMBOURG","ET","Face masks (excl. paper surgical masks - under B6)","IMPORT","VALUE_IN_EUROS",":",""
"Feb. 2019","HUNGARY","ET","Face masks (excl. paper surgical masks - under B6)","IMPORT","VALUE_IN_EUROS",":",""
"Mar. 2019","HUNGARY","ET","Face masks (excl. paper surgical masks - under B6)","IMPORT","VALUE_IN_EUROS",":",""
"Apr. 2019","HUNGARY","ET","Face masks (excl. paper surgical masks - under B6)","IMPORT","VALUE_IN_EUROS",":",""
"May. 2019","HUNGARY","ET","Face masks (excl. paper surgical masks - under B6)","IMPORT","VALUE_IN_EUROS",":",""
"Jun. 2019","HUNGARY","ET","Face masks (excl. paper surgical masks - under B6)","IMPORT","VALUE_IN_EUROS",":",""
"Feb. 2020","HUNGARY","ET","Face masks (excl. paper surgical masks - under B6)","IMPORT","VALUE_IN_EUROS",":",""
"Mar. 2020","HUNGARY","ET","Face masks (excl. paper surgical masks - under B6)","IMPORT","VALUE_IN_EUROS",":",""
"Apr. 2020","HUNGARY","ET","Face masks (excl. paper surgical masks - under B6)","IMPORT","VALUE_IN_EUROS",":",""
"May. 2020","HUNGARY","ET","Face masks (excl. paper surgical masks - under B6)","IMPORT","VALUE_IN_EUROS",":",""
"Jun. 2020","HUNGARY","ET","Face masks (excl. paper surgical masks - under B6)","IMPORT","VALUE_IN_EUROS",":",""
"Feb. 2019","MALTA","ET","Face masks (excl. paper surgical masks - under B6)","IMPORT","VALUE_IN_EUROS",":",""
"Mar. 2019","MALTA","ET","Face masks (excl. paper surgical masks - under B6)","IMPORT","VALUE_IN_EUROS",":",""
"Apr. 2019","MALTA","ET","Face masks (excl. paper surgical masks - under B6)","IMPORT","VALUE_IN_EUROS",":",""
"May. 2019","MALTA","ET","Face masks (excl. paper surgical masks - under B6)","IMPORT","VALUE_IN_EUROS",":",""
"Jun. 2019","MALTA","ET","Face masks (excl. paper surgical masks - under B6)","IMPORT","VALUE_IN_EUROS",":",""
"Feb. 2020","MALTA","ET","Face masks (excl. paper surgical masks - under B6)","IMPORT","VALUE_IN_EUROS",":",""
"Mar. 2020","MALTA","ET","Face masks (excl. paper surgical masks - under B6)","IMPORT","VALUE_IN_EUROS",":",""
"Apr. 2020","MALTA","ET","Face masks (excl. paper surgical masks - under B6)","IMPORT","VALUE_IN_EUROS",":",""
"May. 2020","MALTA","ET","Face masks (excl. paper surgical masks - under B6)","IMPORT","VALUE_IN_EUROS",":",""
"Jun. 2020","MALTA","ET","Face masks (excl. paper surgical masks - under B6)","IMPORT","VALUE_IN_EUROS",":",""
"Feb. 2019","NETHERLANDS","ET","Face masks (excl. paper surgical masks - under B6)","IMPORT","VALUE_IN_EUROS",":",""
"Mar. 2019","NETHERLANDS","ET","Face masks (excl. paper surgical masks - under B6)","IMPORT","VALUE_IN_EUROS",":",""
"Apr. 2019","NETHERLANDS","ET","Face masks (excl. paper surgical masks - under B6)","IMPORT","VALUE_IN_EUROS",":",""
"May. 2019","NETHERLANDS","ET","Face masks (excl. paper surgical masks - under B6)","IMPORT","VALUE_IN_EUROS",":",""
"Jun. 2019","NETHERLANDS","ET","Face masks (excl. paper surgical masks - under B6)","IMPORT","VALUE_IN_EUROS",":",""
"Feb. 2020","NETHERLANDS","ET","Face masks (excl. paper surgical masks - under B6)","IMPORT","VALUE_IN_EUROS",":",""
"Mar. 2020","NETHERLANDS","ET","Face masks (excl. paper surgical masks - under B6)","IMPORT","VALUE_IN_EUROS",":",""
"Apr. 2020","NETHERLANDS","ET","Face masks (excl. paper surgical masks - under B6)","IMPORT","VALUE_IN_EUROS",":",""
"May. 2020","NETHERLANDS","ET","Face masks (excl. paper surgical masks - under B6)","IMPORT","VALUE_IN_EUROS",":",""
"Jun. 2020","NETHERLANDS","ET","Face masks (excl. paper surgical masks - under B6)","IMPORT","VALUE_IN_EUROS","141",""
"Feb. 2019","AUSTRIA","ET","Face masks (excl. paper surgical masks - under B6)","IMPORT","VALUE_IN_EUROS",":",""
"Mar. 2019","AUSTRIA","ET","Face masks (excl. paper surgical masks - under B6)","IMPORT","VALUE_IN_EUROS",":",""
"Apr. 2019","AUSTRIA","ET","Face masks (excl. paper surgical masks - under B6)","IMPORT","VALUE_IN_EUROS",":",""
"May. 2019","AUSTRIA","ET","Face masks (excl. paper surgical masks - under B6)","IMPORT","VALUE_IN_EUROS",":",""
"Jun. 2019","AUSTRIA","ET","Face masks (excl. paper surgical masks - under B6)","IMPORT","VALUE_IN_EUROS",":",""
"Feb. 2020","AUSTRIA","ET","Face masks (excl. paper surgical masks - under B6)","IMPORT","VALUE_IN_EUROS",":",""
"Mar. 2020","AUSTRIA","ET","Face masks (excl. paper surgical masks - under B6)","IMPORT","VALUE_IN_EUROS",":",""
"Apr. 2020","AUSTRIA","ET","Face masks (excl. paper surgical masks - under B6)","IMPORT","VALUE_IN_EUROS",":",""
"May. 2020","AUSTRIA","ET","Face masks (excl. paper surgical masks - under B6)","IMPORT","VALUE_IN_EUROS",":",""
"Jun. 2020","AUSTRIA","ET","Face masks (excl. paper surgical masks - under B6)","IMPORT","VALUE_IN_EUROS",":",""
"Feb. 2019","POLAND","ET","Face masks (excl. paper surgical masks - under B6)","IMPORT","VALUE_IN_EUROS",":",""
"Mar. 2019","POLAND","ET","Face masks (excl. paper surgical masks - under B6)","IMPORT","VALUE_IN_EUROS",":",""
"Apr. 2019","POLAND","ET","Face masks (excl. paper surgical masks - under B6)","IMPORT","VALUE_IN_EUROS",":",""
"May. 2019","POLAND","ET","Face masks (excl. paper surgical masks - under B6)","IMPORT","VALUE_IN_EUROS",":",""
"Jun. 2019","POLAND","ET","Face masks (excl. paper surgical masks - under B6)","IMPORT","VALUE_IN_EUROS",":",""
"Feb. 2020","POLAND","ET","Face masks (excl. paper surgical masks - under B6)","IMPORT","VALUE_IN_EUROS",":",""
"Mar. 2020","POLAND","ET","Face masks (excl. paper surgical masks - under B6)","IMPORT","VALUE_IN_EUROS",":",""
"Apr. 2020","POLAND","ET","Face masks (excl. paper surgical masks - under B6)","IMPORT","VALUE_IN_EUROS",":",""
"May. 2020","POLAND","ET","Face masks (excl. paper surgical masks - under B6)","IMPORT","VALUE_IN_EUROS",":",""
"Jun. 2020","POLAND","ET","Face masks (excl. paper surgical masks - under B6)","IMPORT","VALUE_IN_EUROS",":",""
"Feb. 2019","PORTUGAL","ET","Face masks (excl. paper surgical masks - under B6)","IMPORT","VALUE_IN_EUROS",":",""
"Mar. 2019","PORTUGAL","ET","Face masks (excl. paper surgical masks - under B6)","IMPORT","VALUE_IN_EUROS",":",""
"Apr. 2019","PORTUGAL","ET","Face masks (excl. paper surgical masks - under B6)","IMPORT","VALUE_IN_EUROS",":",""
"May. 2019","PORTUGAL","ET","Face masks (excl. paper surgical masks - under B6)","IMPORT","VALUE_IN_EUROS",":",""
"Jun. 2019","PORTUGAL","ET","Face masks (excl. paper surgical masks - under B6)","IMPORT","VALUE_IN_EUROS",":",""
"Feb. 2020","PORTUGAL","ET","Face masks (excl. paper surgical masks - under B6)","IMPORT","VALUE_IN_EUROS",":",""
"Mar. 2020","PORTUGAL","ET","Face masks (excl. paper surgical masks - under B6)","IMPORT","VALUE_IN_EUROS",":",""
"Apr. 2020","PORTUGAL","ET","Face masks (excl. paper surgical masks - under B6)","IMPORT","VALUE_IN_EUROS",":",""
"May. 2020","PORTUGAL","ET","Face masks (excl. paper surgical masks - under B6)","IMPORT","VALUE_IN_EUROS",":",""
"Jun. 2020","PORTUGAL","ET","Face masks (excl. paper surgical masks - under B6)","IMPORT","VALUE_IN_EUROS",":",""
"Feb. 2019","ROMANIA","ET","Face masks (excl. paper surgical masks - under B6)","IMPORT","VALUE_IN_EUROS",":",""
"Mar. 2019","ROMANIA","ET","Face masks (excl. paper surgical masks - under B6)","IMPORT","VALUE_IN_EUROS",":",""
"Apr. 2019","ROMANIA","ET","Face masks (excl. paper surgical masks - under B6)","IMPORT","VALUE_IN_EUROS",":",""
"May. 2019","ROMANIA","ET","Face masks (excl. paper surgical masks - under B6)","IMPORT","VALUE_IN_EUROS",":",""
"Jun. 2019","ROMANIA","ET","Face masks (excl. paper surgical masks - under B6)","IMPORT","VALUE_IN_EUROS",":",""
"Feb. 2020","ROMANIA","ET","Face masks (excl. paper surgical masks - under B6)","IMPORT","VALUE_IN_EUROS",":",""
"Mar. 2020","ROMANIA","ET","Face masks (excl. paper surgical masks - under B6)","IMPORT","VALUE_IN_EUROS",":",""
"Apr. 2020","ROMANIA","ET","Face masks (excl. paper surgical masks - under B6)","IMPORT","VALUE_IN_EUROS",":",""
"May. 2020","ROMANIA","ET","Face masks (excl. paper surgical masks - under B6)","IMPORT","VALUE_IN_EUROS",":",""
"Jun. 2020","ROMANIA","ET","Face masks (excl. paper surgical masks - under B6)","IMPORT","VALUE_IN_EUROS",":",""
"Feb. 2019","SLOVENIA","ET","Face masks (excl. paper surgical masks - under B6)","IMPORT","VALUE_IN_EUROS",":",""
"Mar. 2019","SLOVENIA","ET","Face masks (excl. paper surgical masks - under B6)","IMPORT","VALUE_IN_EUROS",":",""
"Apr. 2019","SLOVENIA","ET","Face masks (excl. paper surgical masks - under B6)","IMPORT","VALUE_IN_EUROS",":",""
"May. 2019","SLOVENIA","ET","Face masks (excl. paper surgical masks - under B6)","IMPORT","VALUE_IN_EUROS",":",""
"Jun. 2019","SLOVENIA","ET","Face masks (excl. paper surgical masks - under B6)","IMPORT","VALUE_IN_EUROS",":",""
"Feb. 2020","SLOVENIA","ET","Face masks (excl. paper surgical masks - under B6)","IMPORT","VALUE_IN_EUROS",":",""
"Mar. 2020","SLOVENIA","ET","Face masks (excl. paper surgical masks - under B6)","IMPORT","VALUE_IN_EUROS",":",""
"Apr. 2020","SLOVENIA","ET","Face masks (excl. paper surgical masks - under B6)","IMPORT","VALUE_IN_EUROS",":",""
"May. 2020","SLOVENIA","ET","Face masks (excl. paper surgical masks - under B6)","IMPORT","VALUE_IN_EUROS",":",""
"Jun. 2020","SLOVENIA","ET","Face masks (excl. paper surgical masks - under B6)","IMPORT","VALUE_IN_EUROS",":",""
"Feb. 2019","SLOVAKIA","ET","Face masks (excl. paper surgical masks - under B6)","IMPORT","VALUE_IN_EUROS",":",""
"Mar. 2019","SLOVAKIA","ET","Face masks (excl. paper surgical masks - under B6)","IMPORT","VALUE_IN_EUROS",":",""
"Apr. 2019","SLOVAKIA","ET","Face masks (excl. paper surgical masks - under B6)","IMPORT","VALUE_IN_EUROS",":",""
"May. 2019","SLOVAKIA","ET","Face masks (excl. paper surgical masks - under B6)","IMPORT","VALUE_IN_EUROS",":",""
"Jun. 2019","SLOVAKIA","ET","Face masks (excl. paper surgical masks - under B6)","IMPORT","VALUE_IN_EUROS",":",""
"Feb. 2020","SLOVAKIA","ET","Face masks (excl. paper surgical masks - under B6)","IMPORT","VALUE_IN_EUROS",":",""
"Mar. 2020","SLOVAKIA","ET","Face masks (excl. paper surgical masks - under B6)","IMPORT","VALUE_IN_EUROS",":",""
"Apr. 2020","SLOVAKIA","ET","Face masks (excl. paper surgical masks - under B6)","IMPORT","VALUE_IN_EUROS",":",""
"May. 2020","SLOVAKIA","ET","Face masks (excl. paper surgical masks - under B6)","IMPORT","VALUE_IN_EUROS",":",""
"Jun. 2020","SLOVAKIA","ET","Face masks (excl. paper surgical masks - under B6)","IMPORT","VALUE_IN_EUROS",":",""
"Feb. 2019","FINLAND","ET","Face masks (excl. paper surgical masks - under B6)","IMPORT","VALUE_IN_EUROS",":",""
"Mar. 2019","FINLAND","ET","Face masks (excl. paper surgical masks - under B6)","IMPORT","VALUE_IN_EUROS",":",""
"Apr. 2019","FINLAND","ET","Face masks (excl. paper surgical masks - under B6)","IMPORT","VALUE_IN_EUROS",":",""
"May. 2019","FINLAND","ET","Face masks (excl. paper surgical masks - under B6)","IMPORT","VALUE_IN_EUROS",":",""
"Jun. 2019","FINLAND","ET","Face masks (excl. paper surgical masks - under B6)","IMPORT","VALUE_IN_EUROS",":",""
"Feb. 2020","FINLAND","ET","Face masks (excl. paper surgical masks - under B6)","IMPORT","VALUE_IN_EUROS",":",""
"Mar. 2020","FINLAND","ET","Face masks (excl. paper surgical masks - under B6)","IMPORT","VALUE_IN_EUROS",":",""
"Apr. 2020","FINLAND","ET","Face masks (excl. paper surgical masks - under B6)","IMPORT","VALUE_IN_EUROS",":",""
"May. 2020","FINLAND","ET","Face masks (excl. paper surgical masks - under B6)","IMPORT","VALUE_IN_EUROS",":",""
"Jun. 2020","FINLAND","ET","Face masks (excl. paper surgical masks - under B6)","IMPORT","VALUE_IN_EUROS",":",""
"Feb. 2019","SWEDEN","ET","Face masks (excl. paper surgical masks - under B6)","IMPORT","VALUE_IN_EUROS","104",""
"Mar. 2019","SWEDEN","ET","Face masks (excl. paper surgical masks - under B6)","IMPORT","VALUE_IN_EUROS","59",""
"Apr. 2019","SWEDEN","ET","Face masks (excl. paper surgical masks - under B6)","IMPORT","VALUE_IN_EUROS","135",""
"May. 2019","SWEDEN","ET","Face masks (excl. paper surgical masks - under B6)","IMPORT","VALUE_IN_EUROS","332",""
"Jun. 2019","SWEDEN","ET","Face masks (excl. paper surgical masks - under B6)","IMPORT","VALUE_IN_EUROS","158",""
"Feb. 2020","SWEDEN","ET","Face masks (excl. paper surgical masks - under B6)","IMPORT","VALUE_IN_EUROS","23",""
"Mar. 2020","SWEDEN","ET","Face masks (excl. paper surgical masks - under B6)","IMPORT","VALUE_IN_EUROS","133",""
"Apr. 2020","SWEDEN","ET","Face masks (excl. paper surgical masks - under B6)","IMPORT","VALUE_IN_EUROS","66",""
"May. 2020","SWEDEN","ET","Face masks (excl. paper surgical masks - under B6)","IMPORT","VALUE_IN_EUROS","47",""
"Jun. 2020","SWEDEN","ET","Face masks (excl. paper surgical masks - under B6)","IMPORT","VALUE_IN_EUROS","57",""
"Feb. 2019","GREECE","ET","Face masks (excl. paper surgical masks - under B6)","IMPORT","VALUE_IN_EUROS",":",""
"Mar. 2019","GREECE","ET","Face masks (excl. paper surgical masks - under B6)","IMPORT","VALUE_IN_EUROS",":",""
"Apr. 2019","GREECE","ET","Face masks (excl. paper surgical masks - under B6)","IMPORT","VALUE_IN_EUROS",":",""
"May. 2019","GREECE","ET","Face masks (excl. paper surgical masks - under B6)","IMPORT","VALUE_IN_EUROS",":",""
"Jun. 2019","GREECE","ET","Face masks (excl. paper surgical masks - under B6)","IMPORT","VALUE_IN_EUROS",":",""
"Feb. 2020","GREECE","ET","Face masks (excl. paper surgical masks - under B6)","IMPORT","VALUE_IN_EUROS",":",""
"Mar. 2020","GREECE","ET","Face masks (excl. paper surgical masks - under B6)","IMPORT","VALUE_IN_EUROS",":",""
"Apr. 2020","GREECE","ET","Face masks (excl. paper surgical masks - under B6)","IMPORT","VALUE_IN_EUROS",":",""
"May. 2020","GREECE","ET","Face masks (excl. paper surgical masks - under B6)","IMPORT","VALUE_IN_EUROS",":",""
"Jun. 2020","GREECE","ET","Face masks (excl. paper surgical masks - under B6)","IMPORT","VALUE_IN_EUROS",":",""
